[
{
  "model": "admin.logentry",
  "pk": 1,
  "fields": {
    "action_time": "2026-01-02T03:03:49.942Z",
    "user": 1,
    "content_type": 12,
    "object_id": "2",
    "object_repr": "dselva → NEW",
    "action_flag": 2,
    "change_message": "[{\"changed\": {\"fields\": [\"Status\"]}}]"
  }
},
{
  "model": "admin.logentry",
  "pk": 2,
  "fields": {
    "action_time": "2026-01-02T03:04:53.919Z",
    "user": 1,
    "content_type": 12,
    "object_id": "1",
    "object_repr": "dselva → NEW",
    "action_flag": 2,
    "change_message": "[{\"changed\": {\"fields\": [\"Status\"]}}]"
  }
},
{
  "model": "admin.logentry",
  "pk": 3,
  "fields": {
    "action_time": "2026-01-02T03:07:49.622Z",
    "user": 1,
    "content_type": 12,
    "object_id": "2",
    "object_repr": "dselva → NEW",
    "action_flag": 3,
    "change_message": ""
  }
},
{
  "model": "admin.logentry",
  "pk": 4,
  "fields": {
    "action_time": "2026-01-02T03:07:53.171Z",
    "user": 1,
    "content_type": 12,
    "object_id": "1",
    "object_repr": "dselva → NEW",
    "action_flag": 3,
    "change_message": ""
  }
},
{
  "model": "admin.logentry",
  "pk": 5,
  "fields": {
    "action_time": "2026-01-02T09:03:53.440Z",
    "user": 1,
    "content_type": 17,
    "object_id": "1",
    "object_repr": "tech",
    "action_flag": 1,
    "change_message": "[{\"added\": {}}]"
  }
},
{
  "model": "admin.logentry",
  "pk": 6,
  "fields": {
    "action_time": "2026-01-02T09:04:00.967Z",
    "user": 1,
    "content_type": 18,
    "object_id": "1",
    "object_repr": "newtag",
    "action_flag": 1,
    "change_message": "[{\"added\": {}}]"
  }
},
{
  "model": "admin.logentry",
  "pk": 7,
  "fields": {
    "action_time": "2026-01-02T09:04:14.343Z",
    "user": 1,
    "content_type": 19,
    "object_id": "1",
    "object_repr": "First blog",
    "action_flag": 1,
    "change_message": "[{\"added\": {}}]"
  }
},
{
  "model": "admin.logentry",
  "pk": 8,
  "fields": {
    "action_time": "2026-01-02T09:07:29.376Z",
    "user": 1,
    "content_type": 19,
    "object_id": "1",
    "object_repr": "First blog",
    "action_flag": 2,
    "change_message": "[]"
  }
},
{
  "model": "admin.logentry",
  "pk": 9,
  "fields": {
    "action_time": "2026-01-02T09:16:10.682Z",
    "user": 1,
    "content_type": 19,
    "object_id": "1",
    "object_repr": "First blog",
    "action_flag": 2,
    "change_message": "[]"
  }
},
{
  "model": "admin.logentry",
  "pk": 10,
  "fields": {
    "action_time": "2026-01-02T09:18:59.075Z",
    "user": 1,
    "content_type": 19,
    "object_id": "1",
    "object_repr": "First blog",
    "action_flag": 2,
    "change_message": "[]"
  }
},
{
  "model": "admin.logentry",
  "pk": 11,
  "fields": {
    "action_time": "2026-01-02T09:49:53.678Z",
    "user": 1,
    "content_type": 14,
    "object_id": "33",
    "object_repr": "3★ - dselva",
    "action_flag": 2,
    "change_message": "[{\"changed\": {\"fields\": [\"User\"]}}]"
  }
},
{
  "model": "admin.logentry",
  "pk": 12,
  "fields": {
    "action_time": "2026-01-02T12:23:27.987Z",
    "user": 1,
    "content_type": 19,
    "object_id": "1",
    "object_repr": "First blog",
    "action_flag": 2,
    "change_message": "[{\"changed\": {\"fields\": [\"Featured image\"]}}]"
  }
},
{
  "model": "admin.logentry",
  "pk": 13,
  "fields": {
    "action_time": "2026-01-02T12:52:40.594Z",
    "user": 1,
    "content_type": 9,
    "object_id": "24",
    "object_repr": "Content object (24)",
    "action_flag": 1,
    "change_message": "[{\"added\": {}}]"
  }
},
{
  "model": "admin.logentry",
  "pk": 14,
  "fields": {
    "action_time": "2026-01-03T06:06:25.659Z",
    "user": 1,
    "content_type": 8,
    "object_id": "1",
    "object_repr": "dselva",
    "action_flag": 2,
    "change_message": "[{\"changed\": {\"fields\": [\"Username\"]}}]"
  }
},
{
  "model": "admin.logentry",
  "pk": 15,
  "fields": {
    "action_time": "2026-01-03T06:06:42.355Z",
    "user": 1,
    "content_type": 14,
    "object_id": "57",
    "object_repr": "5★ - dselvanadar",
    "action_flag": 3,
    "change_message": ""
  }
},
{
  "model": "admin.logentry",
  "pk": 16,
  "fields": {
    "action_time": "2026-01-03T07:05:56.471Z",
    "user": 1,
    "content_type": 11,
    "object_id": "21",
    "object_repr": "Dselva pvt",
    "action_flag": 2,
    "change_message": "[{\"changed\": {\"fields\": [\"Category\"]}}]"
  }
},
{
  "model": "admin.logentry",
  "pk": 17,
  "fields": {
    "action_time": "2026-01-03T07:06:48.292Z",
    "user": 1,
    "content_type": 11,
    "object_id": "21",
    "object_repr": "Dselva pvt",
    "action_flag": 2,
    "change_message": "[{\"changed\": {\"fields\": [\"Logo\", \"Cover image\"]}}]"
  }
},
{
  "model": "admin.logentry",
  "pk": 18,
  "fields": {
    "action_time": "2026-01-05T04:37:46.551Z",
    "user": 1,
    "content_type": 11,
    "object_id": "21",
    "object_repr": "Dselva pvt",
    "action_flag": 2,
    "change_message": "[{\"changed\": {\"fields\": [\"Logo\", \"Cover image\"]}}]"
  }
},
{
  "model": "admin.logentry",
  "pk": 19,
  "fields": {
    "action_time": "2026-01-05T04:38:35.428Z",
    "user": 1,
    "content_type": 19,
    "object_id": "1",
    "object_repr": "First blog",
    "action_flag": 2,
    "change_message": "[{\"changed\": {\"fields\": [\"Featured image\"]}}]"
  }
},
{
  "model": "admin.logentry",
  "pk": 20,
  "fields": {
    "action_time": "2026-01-05T04:40:26.373Z",
    "user": 1,
    "content_type": 14,
    "object_id": "66",
    "object_repr": "5★ - dselva",
    "action_flag": 3,
    "change_message": ""
  }
},
{
  "model": "admin.logentry",
  "pk": 21,
  "fields": {
    "action_time": "2026-01-05T04:41:56.936Z",
    "user": 1,
    "content_type": 14,
    "object_id": "65",
    "object_repr": "5★ - dselva",
    "action_flag": 3,
    "change_message": ""
  }
},
{
  "model": "admin.logentry",
  "pk": 22,
  "fields": {
    "action_time": "2026-01-05T04:41:56.936Z",
    "user": 1,
    "content_type": 14,
    "object_id": "64",
    "object_repr": "5★ - dselva",
    "action_flag": 3,
    "change_message": ""
  }
},
{
  "model": "admin.logentry",
  "pk": 23,
  "fields": {
    "action_time": "2026-01-05T04:41:56.936Z",
    "user": 1,
    "content_type": 14,
    "object_id": "63",
    "object_repr": "5★ - dselva",
    "action_flag": 3,
    "change_message": ""
  }
},
{
  "model": "admin.logentry",
  "pk": 24,
  "fields": {
    "action_time": "2026-01-05T04:41:56.936Z",
    "user": 1,
    "content_type": 14,
    "object_id": "62",
    "object_repr": "5★ - dselva",
    "action_flag": 3,
    "change_message": ""
  }
},
{
  "model": "admin.logentry",
  "pk": 25,
  "fields": {
    "action_time": "2026-01-05T04:41:56.936Z",
    "user": 1,
    "content_type": 14,
    "object_id": "61",
    "object_repr": "5★ - dselva",
    "action_flag": 3,
    "change_message": ""
  }
},
{
  "model": "admin.logentry",
  "pk": 26,
  "fields": {
    "action_time": "2026-01-05T04:41:56.936Z",
    "user": 1,
    "content_type": 14,
    "object_id": "60",
    "object_repr": "5★ - dselva",
    "action_flag": 3,
    "change_message": ""
  }
},
{
  "model": "admin.logentry",
  "pk": 27,
  "fields": {
    "action_time": "2026-01-05T04:41:56.936Z",
    "user": 1,
    "content_type": 14,
    "object_id": "53",
    "object_repr": "5★ - dselva",
    "action_flag": 3,
    "change_message": ""
  }
},
{
  "model": "admin.logentry",
  "pk": 28,
  "fields": {
    "action_time": "2026-01-05T04:41:56.936Z",
    "user": 1,
    "content_type": 14,
    "object_id": "52",
    "object_repr": "5★ - dselva",
    "action_flag": 3,
    "change_message": ""
  }
},
{
  "model": "admin.logentry",
  "pk": 29,
  "fields": {
    "action_time": "2026-01-05T04:41:56.936Z",
    "user": 1,
    "content_type": 14,
    "object_id": "51",
    "object_repr": "5★ - dselva",
    "action_flag": 3,
    "change_message": ""
  }
},
{
  "model": "admin.logentry",
  "pk": 30,
  "fields": {
    "action_time": "2026-01-05T04:41:56.936Z",
    "user": 1,
    "content_type": 14,
    "object_id": "50",
    "object_repr": "5★ - dselva",
    "action_flag": 3,
    "change_message": ""
  }
},
{
  "model": "admin.logentry",
  "pk": 31,
  "fields": {
    "action_time": "2026-01-05T04:41:56.936Z",
    "user": 1,
    "content_type": 14,
    "object_id": "49",
    "object_repr": "5★ - dselva",
    "action_flag": 3,
    "change_message": ""
  }
},
{
  "model": "admin.logentry",
  "pk": 32,
  "fields": {
    "action_time": "2026-01-05T04:41:56.936Z",
    "user": 1,
    "content_type": 14,
    "object_id": "48",
    "object_repr": "5★ - dselva",
    "action_flag": 3,
    "change_message": ""
  }
},
{
  "model": "admin.logentry",
  "pk": 33,
  "fields": {
    "action_time": "2026-01-05T04:41:56.936Z",
    "user": 1,
    "content_type": 14,
    "object_id": "47",
    "object_repr": "5★ - dselva",
    "action_flag": 3,
    "change_message": ""
  }
},
{
  "model": "admin.logentry",
  "pk": 34,
  "fields": {
    "action_time": "2026-01-05T04:41:56.936Z",
    "user": 1,
    "content_type": 14,
    "object_id": "46",
    "object_repr": "5★ - dselva",
    "action_flag": 3,
    "change_message": ""
  }
},
{
  "model": "admin.logentry",
  "pk": 35,
  "fields": {
    "action_time": "2026-01-05T04:41:56.936Z",
    "user": 1,
    "content_type": 14,
    "object_id": "45",
    "object_repr": "5★ - dselva",
    "action_flag": 3,
    "change_message": ""
  }
},
{
  "model": "admin.logentry",
  "pk": 36,
  "fields": {
    "action_time": "2026-01-05T04:41:56.936Z",
    "user": 1,
    "content_type": 14,
    "object_id": "44",
    "object_repr": "3★ - dselva",
    "action_flag": 3,
    "change_message": ""
  }
},
{
  "model": "admin.logentry",
  "pk": 37,
  "fields": {
    "action_time": "2026-01-05T04:41:56.936Z",
    "user": 1,
    "content_type": 14,
    "object_id": "42",
    "object_repr": "5★ - dselva",
    "action_flag": 3,
    "change_message": ""
  }
},
{
  "model": "admin.logentry",
  "pk": 38,
  "fields": {
    "action_time": "2026-01-05T04:41:56.936Z",
    "user": 1,
    "content_type": 14,
    "object_id": "41",
    "object_repr": "5★ - dselva",
    "action_flag": 3,
    "change_message": ""
  }
},
{
  "model": "admin.logentry",
  "pk": 39,
  "fields": {
    "action_time": "2026-01-05T04:41:56.936Z",
    "user": 1,
    "content_type": 14,
    "object_id": "40",
    "object_repr": "2★ - dselva",
    "action_flag": 3,
    "change_message": ""
  }
},
{
  "model": "admin.logentry",
  "pk": 40,
  "fields": {
    "action_time": "2026-01-05T04:41:56.936Z",
    "user": 1,
    "content_type": 14,
    "object_id": "39",
    "object_repr": "2★ - dselva",
    "action_flag": 3,
    "change_message": ""
  }
},
{
  "model": "admin.logentry",
  "pk": 41,
  "fields": {
    "action_time": "2026-01-05T04:41:56.936Z",
    "user": 1,
    "content_type": 14,
    "object_id": "38",
    "object_repr": "5★ - dselva",
    "action_flag": 3,
    "change_message": ""
  }
},
{
  "model": "admin.logentry",
  "pk": 42,
  "fields": {
    "action_time": "2026-01-05T04:41:56.936Z",
    "user": 1,
    "content_type": 14,
    "object_id": "37",
    "object_repr": "5★ - dselva",
    "action_flag": 3,
    "change_message": ""
  }
},
{
  "model": "admin.logentry",
  "pk": 43,
  "fields": {
    "action_time": "2026-01-05T04:41:56.937Z",
    "user": 1,
    "content_type": 14,
    "object_id": "36",
    "object_repr": "5★ - dselva",
    "action_flag": 3,
    "change_message": ""
  }
},
{
  "model": "admin.logentry",
  "pk": 44,
  "fields": {
    "action_time": "2026-01-05T04:41:56.937Z",
    "user": 1,
    "content_type": 14,
    "object_id": "35",
    "object_repr": "4★ - dselva",
    "action_flag": 3,
    "change_message": ""
  }
},
{
  "model": "admin.logentry",
  "pk": 45,
  "fields": {
    "action_time": "2026-01-05T04:41:56.937Z",
    "user": 1,
    "content_type": 14,
    "object_id": "34",
    "object_repr": "3★ - dselva",
    "action_flag": 3,
    "change_message": ""
  }
},
{
  "model": "admin.logentry",
  "pk": 46,
  "fields": {
    "action_time": "2026-01-05T04:41:56.937Z",
    "user": 1,
    "content_type": 14,
    "object_id": "33",
    "object_repr": "3★ - dselva",
    "action_flag": 3,
    "change_message": ""
  }
},
{
  "model": "admin.logentry",
  "pk": 47,
  "fields": {
    "action_time": "2026-01-05T04:41:56.937Z",
    "user": 1,
    "content_type": 14,
    "object_id": "32",
    "object_repr": "2★ - dselva",
    "action_flag": 3,
    "change_message": ""
  }
},
{
  "model": "admin.logentry",
  "pk": 48,
  "fields": {
    "action_time": "2026-01-05T04:41:56.937Z",
    "user": 1,
    "content_type": 14,
    "object_id": "31",
    "object_repr": "5★ - dselva",
    "action_flag": 3,
    "change_message": ""
  }
},
{
  "model": "admin.logentry",
  "pk": 49,
  "fields": {
    "action_time": "2026-01-05T04:41:56.937Z",
    "user": 1,
    "content_type": 14,
    "object_id": "30",
    "object_repr": "4★ - dselva",
    "action_flag": 3,
    "change_message": ""
  }
},
{
  "model": "admin.logentry",
  "pk": 50,
  "fields": {
    "action_time": "2026-01-05T04:41:56.937Z",
    "user": 1,
    "content_type": 14,
    "object_id": "29",
    "object_repr": "2★ - dselva",
    "action_flag": 3,
    "change_message": ""
  }
},
{
  "model": "admin.logentry",
  "pk": 51,
  "fields": {
    "action_time": "2026-01-05T04:41:56.937Z",
    "user": 1,
    "content_type": 14,
    "object_id": "28",
    "object_repr": "1★ - dselva2005",
    "action_flag": 3,
    "change_message": ""
  }
},
{
  "model": "admin.logentry",
  "pk": 52,
  "fields": {
    "action_time": "2026-01-05T04:41:56.937Z",
    "user": 1,
    "content_type": 14,
    "object_id": "27",
    "object_repr": "5★ - dselva2005",
    "action_flag": 3,
    "change_message": ""
  }
},
{
  "model": "admin.logentry",
  "pk": 53,
  "fields": {
    "action_time": "2026-01-05T04:41:56.937Z",
    "user": 1,
    "content_type": 14,
    "object_id": "26",
    "object_repr": "3★ - dselva",
    "action_flag": 3,
    "change_message": ""
  }
},
{
  "model": "admin.logentry",
  "pk": 54,
  "fields": {
    "action_time": "2026-01-05T04:41:56.937Z",
    "user": 1,
    "content_type": 14,
    "object_id": "25",
    "object_repr": "4★ - Authenticated User",
    "action_flag": 3,
    "change_message": ""
  }
},
{
  "model": "admin.logentry",
  "pk": 55,
  "fields": {
    "action_time": "2026-01-05T04:41:56.937Z",
    "user": 1,
    "content_type": 14,
    "object_id": "24",
    "object_repr": "5★ - Authenticated User",
    "action_flag": 3,
    "change_message": ""
  }
},
{
  "model": "admin.logentry",
  "pk": 56,
  "fields": {
    "action_time": "2026-01-05T04:41:56.937Z",
    "user": 1,
    "content_type": 14,
    "object_id": "23",
    "object_repr": "3★ - Authenticated User",
    "action_flag": 3,
    "change_message": ""
  }
},
{
  "model": "admin.logentry",
  "pk": 57,
  "fields": {
    "action_time": "2026-01-05T04:41:56.937Z",
    "user": 1,
    "content_type": 14,
    "object_id": "22",
    "object_repr": "5★ - Authenticated User",
    "action_flag": 3,
    "change_message": ""
  }
},
{
  "model": "admin.logentry",
  "pk": 58,
  "fields": {
    "action_time": "2026-01-05T04:41:56.937Z",
    "user": 1,
    "content_type": 14,
    "object_id": "21",
    "object_repr": "1★ - User 20",
    "action_flag": 3,
    "change_message": ""
  }
},
{
  "model": "admin.logentry",
  "pk": 59,
  "fields": {
    "action_time": "2026-01-05T04:41:56.937Z",
    "user": 1,
    "content_type": 14,
    "object_id": "20",
    "object_repr": "5★ - User 19",
    "action_flag": 3,
    "change_message": ""
  }
},
{
  "model": "admin.logentry",
  "pk": 60,
  "fields": {
    "action_time": "2026-01-05T04:41:56.937Z",
    "user": 1,
    "content_type": 14,
    "object_id": "19",
    "object_repr": "2★ - User 18",
    "action_flag": 3,
    "change_message": ""
  }
},
{
  "model": "admin.logentry",
  "pk": 61,
  "fields": {
    "action_time": "2026-01-05T04:41:56.937Z",
    "user": 1,
    "content_type": 14,
    "object_id": "18",
    "object_repr": "2★ - User 17",
    "action_flag": 3,
    "change_message": ""
  }
},
{
  "model": "admin.logentry",
  "pk": 62,
  "fields": {
    "action_time": "2026-01-05T04:41:56.937Z",
    "user": 1,
    "content_type": 14,
    "object_id": "17",
    "object_repr": "5★ - User 16",
    "action_flag": 3,
    "change_message": ""
  }
},
{
  "model": "admin.logentry",
  "pk": 63,
  "fields": {
    "action_time": "2026-01-05T04:41:56.937Z",
    "user": 1,
    "content_type": 14,
    "object_id": "16",
    "object_repr": "4★ - User 15",
    "action_flag": 3,
    "change_message": ""
  }
},
{
  "model": "admin.logentry",
  "pk": 64,
  "fields": {
    "action_time": "2026-01-05T04:41:56.937Z",
    "user": 1,
    "content_type": 14,
    "object_id": "15",
    "object_repr": "3★ - User 14",
    "action_flag": 3,
    "change_message": ""
  }
},
{
  "model": "admin.logentry",
  "pk": 65,
  "fields": {
    "action_time": "2026-01-05T04:41:56.937Z",
    "user": 1,
    "content_type": 14,
    "object_id": "14",
    "object_repr": "5★ - User 13",
    "action_flag": 3,
    "change_message": ""
  }
},
{
  "model": "admin.logentry",
  "pk": 66,
  "fields": {
    "action_time": "2026-01-05T04:41:56.937Z",
    "user": 1,
    "content_type": 14,
    "object_id": "13",
    "object_repr": "5★ - User 12",
    "action_flag": 3,
    "change_message": ""
  }
},
{
  "model": "admin.logentry",
  "pk": 67,
  "fields": {
    "action_time": "2026-01-05T04:41:56.937Z",
    "user": 1,
    "content_type": 14,
    "object_id": "12",
    "object_repr": "2★ - User 11",
    "action_flag": 3,
    "change_message": ""
  }
},
{
  "model": "admin.logentry",
  "pk": 68,
  "fields": {
    "action_time": "2026-01-05T04:41:56.937Z",
    "user": 1,
    "content_type": 14,
    "object_id": "11",
    "object_repr": "2★ - User 10",
    "action_flag": 3,
    "change_message": ""
  }
},
{
  "model": "admin.logentry",
  "pk": 69,
  "fields": {
    "action_time": "2026-01-05T04:41:56.937Z",
    "user": 1,
    "content_type": 14,
    "object_id": "10",
    "object_repr": "2★ - User 9",
    "action_flag": 3,
    "change_message": ""
  }
},
{
  "model": "admin.logentry",
  "pk": 70,
  "fields": {
    "action_time": "2026-01-05T04:41:56.937Z",
    "user": 1,
    "content_type": 14,
    "object_id": "9",
    "object_repr": "5★ - User 8",
    "action_flag": 3,
    "change_message": ""
  }
},
{
  "model": "admin.logentry",
  "pk": 71,
  "fields": {
    "action_time": "2026-01-05T04:41:56.937Z",
    "user": 1,
    "content_type": 14,
    "object_id": "8",
    "object_repr": "2★ - User 7",
    "action_flag": 3,
    "change_message": ""
  }
},
{
  "model": "admin.logentry",
  "pk": 72,
  "fields": {
    "action_time": "2026-01-05T04:41:56.937Z",
    "user": 1,
    "content_type": 14,
    "object_id": "7",
    "object_repr": "5★ - User 6",
    "action_flag": 3,
    "change_message": ""
  }
},
{
  "model": "admin.logentry",
  "pk": 73,
  "fields": {
    "action_time": "2026-01-05T04:41:56.937Z",
    "user": 1,
    "content_type": 14,
    "object_id": "6",
    "object_repr": "3★ - User 5",
    "action_flag": 3,
    "change_message": ""
  }
},
{
  "model": "admin.logentry",
  "pk": 74,
  "fields": {
    "action_time": "2026-01-05T04:41:56.937Z",
    "user": 1,
    "content_type": 14,
    "object_id": "5",
    "object_repr": "5★ - User 4",
    "action_flag": 3,
    "change_message": ""
  }
},
{
  "model": "admin.logentry",
  "pk": 75,
  "fields": {
    "action_time": "2026-01-05T04:41:56.937Z",
    "user": 1,
    "content_type": 14,
    "object_id": "4",
    "object_repr": "2★ - User 3",
    "action_flag": 3,
    "change_message": ""
  }
},
{
  "model": "admin.logentry",
  "pk": 76,
  "fields": {
    "action_time": "2026-01-05T04:41:56.937Z",
    "user": 1,
    "content_type": 14,
    "object_id": "3",
    "object_repr": "3★ - User 2",
    "action_flag": 3,
    "change_message": ""
  }
},
{
  "model": "admin.logentry",
  "pk": 77,
  "fields": {
    "action_time": "2026-01-05T04:41:56.937Z",
    "user": 1,
    "content_type": 14,
    "object_id": "2",
    "object_repr": "2★ - User 1",
    "action_flag": 3,
    "change_message": ""
  }
},
{
  "model": "admin.logentry",
  "pk": 78,
  "fields": {
    "action_time": "2026-01-05T04:41:56.937Z",
    "user": 1,
    "content_type": 14,
    "object_id": "1",
    "object_repr": "3★ - Authenticated User",
    "action_flag": 3,
    "change_message": ""
  }
},
{
  "model": "admin.logentry",
  "pk": 79,
  "fields": {
    "action_time": "2026-01-05T09:27:12.273Z",
    "user": 1,
    "content_type": 12,
    "object_id": "5",
    "object_repr": "dselva2005 → NEW",
    "action_flag": 2,
    "change_message": "[{\"changed\": {\"fields\": [\"Status\"]}}]"
  }
},
{
  "model": "admin.logentry",
  "pk": 80,
  "fields": {
    "action_time": "2026-01-05T09:48:04.707Z",
    "user": 1,
    "content_type": 12,
    "object_id": "6",
    "object_repr": "dselva2005 → NEW",
    "action_flag": 2,
    "change_message": "[{\"changed\": {\"fields\": [\"Status\"]}}]"
  }
},
{
  "model": "admin.logentry",
  "pk": 81,
  "fields": {
    "action_time": "2026-01-05T09:58:07.916Z",
    "user": 1,
    "content_type": 12,
    "object_id": "7",
    "object_repr": "dselva2005 → NEW",
    "action_flag": 2,
    "change_message": "[{\"changed\": {\"fields\": [\"Status\"]}}]"
  }
},
{
  "model": "admin.logentry",
  "pk": 82,
  "fields": {
    "action_time": "2026-01-05T10:03:36.337Z",
    "user": 1,
    "content_type": 12,
    "object_id": "4",
    "object_repr": "dselva → EXISTING",
    "action_flag": 2,
    "change_message": "[{\"changed\": {\"fields\": [\"Status\"]}}]"
  }
},
{
  "model": "admin.logentry",
  "pk": 83,
  "fields": {
    "action_time": "2026-01-05T10:07:48.424Z",
    "user": 1,
    "content_type": 12,
    "object_id": "8",
    "object_repr": "dselva2005 → NEW",
    "action_flag": 2,
    "change_message": "[{\"changed\": {\"fields\": [\"Status\"]}}]"
  }
},
{
  "model": "admin.logentry",
  "pk": 84,
  "fields": {
    "action_time": "2026-01-05T10:46:11.489Z",
    "user": 1,
    "content_type": 11,
    "object_id": "28",
    "object_repr": "Other",
    "action_flag": 3,
    "change_message": ""
  }
},
{
  "model": "admin.logentry",
  "pk": 85,
  "fields": {
    "action_time": "2026-01-05T10:46:11.489Z",
    "user": 1,
    "content_type": 11,
    "object_id": "26",
    "object_repr": "Other",
    "action_flag": 3,
    "change_message": ""
  }
},
{
  "model": "admin.logentry",
  "pk": 86,
  "fields": {
    "action_time": "2026-01-05T10:46:29.357Z",
    "user": 1,
    "content_type": 12,
    "object_id": "11",
    "object_repr": "dselva2005 → NEW",
    "action_flag": 3,
    "change_message": ""
  }
},
{
  "model": "admin.logentry",
  "pk": 87,
  "fields": {
    "action_time": "2026-01-05T10:46:29.357Z",
    "user": 1,
    "content_type": 12,
    "object_id": "10",
    "object_repr": "dselva2005 → NEW",
    "action_flag": 3,
    "change_message": ""
  }
},
{
  "model": "admin.logentry",
  "pk": 88,
  "fields": {
    "action_time": "2026-01-05T10:46:29.357Z",
    "user": 1,
    "content_type": 12,
    "object_id": "9",
    "object_repr": "dselva2005 → NEW",
    "action_flag": 3,
    "change_message": ""
  }
},
{
  "model": "admin.logentry",
  "pk": 89,
  "fields": {
    "action_time": "2026-01-05T10:46:29.357Z",
    "user": 1,
    "content_type": 12,
    "object_id": "8",
    "object_repr": "dselva2005 → NEW",
    "action_flag": 3,
    "change_message": ""
  }
},
{
  "model": "admin.logentry",
  "pk": 90,
  "fields": {
    "action_time": "2026-01-05T10:46:29.357Z",
    "user": 1,
    "content_type": 12,
    "object_id": "7",
    "object_repr": "dselva2005 → NEW",
    "action_flag": 3,
    "change_message": ""
  }
},
{
  "model": "admin.logentry",
  "pk": 91,
  "fields": {
    "action_time": "2026-01-05T10:51:46.208Z",
    "user": 1,
    "content_type": 12,
    "object_id": "5",
    "object_repr": "dselva2005 → NEW",
    "action_flag": 2,
    "change_message": "[{\"changed\": {\"fields\": [\"Status\"]}}]"
  }
},
{
  "model": "admin.logentry",
  "pk": 92,
  "fields": {
    "action_time": "2026-01-05T10:51:56.457Z",
    "user": 1,
    "content_type": 12,
    "object_id": "6",
    "object_repr": "dselva2005 → NEW",
    "action_flag": 2,
    "change_message": "[{\"changed\": {\"fields\": [\"Status\"]}}]"
  }
},
{
  "model": "admin.logentry",
  "pk": 93,
  "fields": {
    "action_time": "2026-01-06T02:59:51.545Z",
    "user": 1,
    "content_type": 9,
    "object_id": "25",
    "object_repr": "Content object (25)",
    "action_flag": 1,
    "change_message": "[{\"added\": {}}]"
  }
},
{
  "model": "admin.logentry",
  "pk": 94,
  "fields": {
    "action_time": "2026-01-06T03:03:29.562Z",
    "user": 1,
    "content_type": 9,
    "object_id": "25",
    "object_repr": "Content object (25)",
    "action_flag": 2,
    "change_message": "[{\"changed\": {\"fields\": [\"Value\"]}}]"
  }
},
{
  "model": "admin.logentry",
  "pk": 95,
  "fields": {
    "action_time": "2026-01-06T03:44:43.022Z",
    "user": 1,
    "content_type": 13,
    "object_id": "3",
    "object_repr": "dselva2005 @ BlueOrbit Technologies Pvt. Ltd.",
    "action_flag": 2,
    "change_message": "[{\"changed\": {\"fields\": [\"Status\"]}}]"
  }
},
{
  "model": "admin.logentry",
  "pk": 96,
  "fields": {
    "action_time": "2026-01-06T09:45:22.564Z",
    "user": 1,
    "content_type": 9,
    "object_id": "26",
    "object_repr": "Content object (26)",
    "action_flag": 1,
    "change_message": "[{\"added\": {}}]"
  }
},
{
  "model": "admin.logentry",
  "pk": 97,
  "fields": {
    "action_time": "2026-01-06T09:47:18.553Z",
    "user": 1,
    "content_type": 9,
    "object_id": "27",
    "object_repr": "Content object (27)",
    "action_flag": 1,
    "change_message": "[{\"added\": {}}]"
  }
},
{
  "model": "admin.logentry",
  "pk": 98,
  "fields": {
    "action_time": "2026-01-06T09:47:55.687Z",
    "user": 1,
    "content_type": 9,
    "object_id": "28",
    "object_repr": "Content object (28)",
    "action_flag": 1,
    "change_message": "[{\"added\": {}}]"
  }
},
{
  "model": "admin.logentry",
  "pk": 99,
  "fields": {
    "action_time": "2026-01-06T09:48:36.084Z",
    "user": 1,
    "content_type": 9,
    "object_id": "29",
    "object_repr": "Content object (29)",
    "action_flag": 1,
    "change_message": "[{\"added\": {}}]"
  }
},
{
  "model": "admin.logentry",
  "pk": 100,
  "fields": {
    "action_time": "2026-01-06T09:49:32.986Z",
    "user": 1,
    "content_type": 9,
    "object_id": "30",
    "object_repr": "Content object (30)",
    "action_flag": 1,
    "change_message": "[{\"added\": {}}]"
  }
},
{
  "model": "admin.logentry",
  "pk": 101,
  "fields": {
    "action_time": "2026-01-06T09:50:29.185Z",
    "user": 1,
    "content_type": 9,
    "object_id": "31",
    "object_repr": "Content object (31)",
    "action_flag": 1,
    "change_message": "[{\"added\": {}}]"
  }
},
{
  "model": "admin.logentry",
  "pk": 102,
  "fields": {
    "action_time": "2026-01-06T09:57:36.003Z",
    "user": 1,
    "content_type": 9,
    "object_id": "32",
    "object_repr": "Content object (32)",
    "action_flag": 1,
    "change_message": "[{\"added\": {}}]"
  }
},
{
  "model": "admin.logentry",
  "pk": 103,
  "fields": {
    "action_time": "2026-01-06T09:58:06.082Z",
    "user": 1,
    "content_type": 9,
    "object_id": "33",
    "object_repr": "Content object (33)",
    "action_flag": 1,
    "change_message": "[{\"added\": {}}]"
  }
},
{
  "model": "admin.logentry",
  "pk": 104,
  "fields": {
    "action_time": "2026-01-06T10:00:07.420Z",
    "user": 1,
    "content_type": 9,
    "object_id": "34",
    "object_repr": "Content object (34)",
    "action_flag": 1,
    "change_message": "[{\"added\": {}}]"
  }
},
{
  "model": "admin.logentry",
  "pk": 105,
  "fields": {
    "action_time": "2026-01-06T12:01:46.076Z",
    "user": 1,
    "content_type": 9,
    "object_id": "35",
    "object_repr": "Content object (35)",
    "action_flag": 1,
    "change_message": "[{\"added\": {}}]"
  }
},
{
  "model": "admin.logentry",
  "pk": 106,
  "fields": {
    "action_time": "2026-01-06T15:04:29.894Z",
    "user": 1,
    "content_type": 13,
    "object_id": "3",
    "object_repr": "dselva2005 @ BlueOrbit Technologies Pvt. Ltd.",
    "action_flag": 2,
    "change_message": "[{\"changed\": {\"fields\": [\"Status\"]}}]"
  }
},
{
  "model": "admin.logentry",
  "pk": 107,
  "fields": {
    "action_time": "2026-01-07T05:47:08.644Z",
    "user": 1,
    "content_type": 19,
    "object_id": "1",
    "object_repr": "First blog",
    "action_flag": 2,
    "change_message": "[{\"changed\": {\"name\": \"review\", \"object\": \"5\\u2605 - dselva\", \"fields\": [\"Moderation status\"]}}]"
  }
},
{
  "model": "admin.logentry",
  "pk": 108,
  "fields": {
    "action_time": "2026-01-07T05:54:47.390Z",
    "user": 1,
    "content_type": 19,
    "object_id": "1",
    "object_repr": "First blog",
    "action_flag": 2,
    "change_message": "[{\"changed\": {\"name\": \"review\", \"object\": \"5\\u2605 - dselva\", \"fields\": [\"Moderation status\"]}}]"
  }
},
{
  "model": "admin.logentry",
  "pk": 109,
  "fields": {
    "action_time": "2026-01-07T05:57:58.565Z",
    "user": 1,
    "content_type": 19,
    "object_id": "1",
    "object_repr": "First blog",
    "action_flag": 2,
    "change_message": "[{\"changed\": {\"name\": \"review\", \"object\": \"5\\u2605 - dselva\", \"fields\": [\"Moderation status\"]}}]"
  }
},
{
  "model": "sessions.session",
  "pk": "06ne1374clwva5g4kpz8cazlmrrgfqbo",
  "fields": {
    "session_data": "eyJ2aWV3ZWRfYmxvZ18xIjp0cnVlfQ:1vbchn:p-ieN4GgtHstFEl2M0bO740pbH67L6jLx48mKkUcd94",
    "expire_date": "2026-01-16T10:48:27.022Z"
  }
},
{
  "model": "sessions.session",
  "pk": "09o880afafbpho9pup9eg7j75z4tqkdl",
  "fields": {
    "session_data": "eyJ2aWV3ZWRfYmxvZ18xIjp0cnVlfQ:1vbcfy:ZrkZVbE510vs9Rzovc6LnjFkd1CHobfz9AeDM1ZY9VI",
    "expire_date": "2026-01-16T10:46:34.339Z"
  }
},
{
  "model": "sessions.session",
  "pk": "268achlxd08ioorajf722qq76s6pdjkr",
  "fields": {
    "session_data": "eyJ2aWV3ZWRfYmxvZ18xIjp0cnVlfQ:1vbcg0:oKKCT5PXlMwKecFlkLM3bfNJJUrTKJDKHahRAljyD58",
    "expire_date": "2026-01-16T10:46:36.524Z"
  }
},
{
  "model": "sessions.session",
  "pk": "3m91k4kkwaxxj7k8psej4lyd9beijr13",
  "fields": {
    "session_data": "eyJ2aWV3ZWRfYmxvZ18xIjp0cnVlfQ:1vbchm:Lv7At8AvcyAQRAQrar5D_-xlmsgL7Iwoz7s4sj_TywM",
    "expire_date": "2026-01-16T10:48:26.506Z"
  }
},
{
  "model": "sessions.session",
  "pk": "3ywzg7xr7qyf86yrvswq6vb1f8t4upcf",
  "fields": {
    "session_data": "eyJ2aWV3ZWRfYmxvZ18xIjp0cnVlfQ:1vbcfz:gR6IQY9jKEdJ1F8uHHk9GLfGWJj-Zyk4049oLWxb-4Q",
    "expire_date": "2026-01-16T10:46:35.048Z"
  }
},
{
  "model": "sessions.session",
  "pk": "4j1s9b17l9bytweyd8hxjifeadgvxysr",
  "fields": {
    "session_data": "eyJ2aWV3ZWRfYmxvZ18xIjp0cnVlfQ:1vbcfw:K5uwe1HoZc0rKgZHOahsDTFKyshvEv7s1PAayGhi6bM",
    "expire_date": "2026-01-16T10:46:32.262Z"
  }
},
{
  "model": "sessions.session",
  "pk": "4vd6467puwcz6hcdlz09qg35dos9jmaa",
  "fields": {
    "session_data": "eyJ2aWV3ZWRfYmxvZ18xIjp0cnVlfQ:1vbcm2:gChmvLk7GORbBhFouQ38ZfT2AH19yHESSj2yPKQyAiI",
    "expire_date": "2026-01-16T10:52:50.286Z"
  }
},
{
  "model": "sessions.session",
  "pk": "510f3h9ov2s77nrggb1468uwalcym9zr",
  "fields": {
    "session_data": "eyJ2aWV3ZWRfYmxvZ18xIjp0cnVlfQ:1vbcjD:79G9EuPMpVrTTnL4iADw_xeFYKkD44haVXZpEC29SKs",
    "expire_date": "2026-01-16T10:49:55.642Z"
  }
},
{
  "model": "sessions.session",
  "pk": "5fs2bp94jmw1d2x1r1dsqwd6tdkjmqvc",
  "fields": {
    "session_data": "eyJ2aWV3ZWRfYmxvZ18xIjp0cnVlfQ:1vbcg0:oKKCT5PXlMwKecFlkLM3bfNJJUrTKJDKHahRAljyD58",
    "expire_date": "2026-01-16T10:46:36.931Z"
  }
},
{
  "model": "sessions.session",
  "pk": "5ok2n8tfaxmcr850kalxz5x130q93z9s",
  "fields": {
    "session_data": "eyJ2aWV3ZWRfYmxvZ18xIjp0cnVlfQ:1vbcg0:oKKCT5PXlMwKecFlkLM3bfNJJUrTKJDKHahRAljyD58",
    "expire_date": "2026-01-16T10:46:36.210Z"
  }
},
{
  "model": "sessions.session",
  "pk": "5rcay16oogg6q9zxrm3ze40k59yzjvxc",
  "fields": {
    "session_data": "eyJ2aWV3ZWRfYmxvZ18xIjp0cnVlfQ:1vbcjK:QhnQHJCNkkmSOHw3QogL2d7IE6VEqXoxRMfp_Ps3sBw",
    "expire_date": "2026-01-16T10:50:02.879Z"
  }
},
{
  "model": "sessions.session",
  "pk": "7jqhiah3cj7z8p4f2xs6qv0t4x17bt4j",
  "fields": {
    "session_data": "eyJ2aWV3ZWRfYmxvZ18xIjp0cnVlfQ:1vbcg8:LdcHOUorT4Vy_4QAQSVS1kBqodrBbmD4Jvb2MfKUax4",
    "expire_date": "2026-01-16T10:46:44.734Z"
  }
},
{
  "model": "sessions.session",
  "pk": "8kl66obk8bqrpav9pjlm8b1hpq4z5tyn",
  "fields": {
    "session_data": "eyJ2aWV3ZWRfYmxvZ18xIjp0cnVlfQ:1vbcj2:qlLckfiRfCBP3VBHflFeBQ9cnHxgZFQ3YbQqAHsWdP0",
    "expire_date": "2026-01-16T10:49:44.086Z"
  }
},
{
  "model": "sessions.session",
  "pk": "8l2zep28odkfdc3un3e1ao1wvi0jbvsa",
  "fields": {
    "session_data": "eyJ2aWV3ZWRfYmxvZ18xIjp0cnVlfQ:1vbclx:dwuj1wjVHYYCAflGFEjl-flNW3tcdmVqKCaMNp0Amjg",
    "expire_date": "2026-01-16T10:52:45.338Z"
  }
},
{
  "model": "sessions.session",
  "pk": "9i91ts28iqe61kdbsezvo05ca5uya4l5",
  "fields": {
    "session_data": "eyJ2aWV3ZWRfYmxvZ18xIjp0cnVlfQ:1vbcg0:oKKCT5PXlMwKecFlkLM3bfNJJUrTKJDKHahRAljyD58",
    "expire_date": "2026-01-16T10:46:36.300Z"
  }
},
{
  "model": "sessions.session",
  "pk": "c8sd0d8mocf762seh8fwbxip39w7nldv",
  "fields": {
    "session_data": "eyJ2aWV3ZWRfYmxvZ18xIjp0cnVlfQ:1vbclu:aXl2NYIAhhDJiYcPTMp7b2sNCmCa2-7qeFrafEPhcWA",
    "expire_date": "2026-01-16T10:52:42.518Z"
  }
},
{
  "model": "sessions.session",
  "pk": "cyjipjkn8fsaswsxq7nv2rx55z2uchci",
  "fields": {
    "session_data": "eyJ2aWV3ZWRfYmxvZ18xIjp0cnVlfQ:1vbcfv:y6kC2hKIabOxmyBsh7BO4-Rcbk0Bo-T2Y4MJ_0Pcxlg",
    "expire_date": "2026-01-16T10:46:31.515Z"
  }
},
{
  "model": "sessions.session",
  "pk": "dz3ilh8ajwzy1130bwpx0sco47unil9n",
  "fields": {
    "session_data": "eyJ2aWV3ZWRfYmxvZ18xIjp0cnVlfQ:1vbcjL:I9x4hN5gUyjWQm6Y00wQy7ogp1UIJBopdA1kG7JQjH8",
    "expire_date": "2026-01-16T10:50:03.730Z"
  }
},
{
  "model": "sessions.session",
  "pk": "e4q6dh83dlccqd31vbwqcxo5835o58m8",
  "fields": {
    "session_data": ".eJxVjDsOwjAQBe_iGllZE8frlPQ5g2Xvbj4QxVI-UCDuTiKlgPbNvHmrELe1D9sicxhY1QrU5XdLkR4yHYDvceqypjyt85D0oeiTLrrJLOPtdP8CfVz6_R1L9MYW6Mj7FivASEnYFrblQoAA0fAVnPGutaVjouhsQufBmKoUm_boc5CXcEhj7gKoep03-XwBqhs-3g:1vbcg2:pwNAI0iQM-Tyj7pObizk15kh6ak_A8C595Vex89nn-Y",
    "expire_date": "2026-01-16T10:46:38.641Z"
  }
},
{
  "model": "sessions.session",
  "pk": "e6kiuu4jmtn7byqkd3oars8ym6bfle1d",
  "fields": {
    "session_data": "eyJ2aWV3ZWRfYmxvZ18xIjp0cnVlfQ:1vbcho:Nq0WRMhyWkR2sIyypv7-juzrSENPhb5EiU2AgpFlmSo",
    "expire_date": "2026-01-16T10:48:28.699Z"
  }
},
{
  "model": "sessions.session",
  "pk": "epw7fdnjj092yzhkugup5d7pgz9jruzv",
  "fields": {
    "session_data": "eyJ2aWV3ZWRfYmxvZ18xIjp0cnVlfQ:1vbchk:Z6M25OYfj11Ygx06TtvUeQi46OZgVqPM4UA1ydjwFCQ",
    "expire_date": "2026-01-16T10:48:24.957Z"
  }
},
{
  "model": "sessions.session",
  "pk": "g7u0o4qyzpt46eqez0on11dzx1w5tr2k",
  "fields": {
    "session_data": "eyJ2aWV3ZWRfYmxvZ18xIjp0cnVlfQ:1vbcfx:6jmBkqVvUpQH5Gk3Ls4UV1Z6J1EIGXyDyRGt8ZVfuTA",
    "expire_date": "2026-01-16T10:46:33.707Z"
  }
},
{
  "model": "sessions.session",
  "pk": "gat1ga4s88idxue0cwir33et22fwwuy1",
  "fields": {
    "session_data": "eyJ2aWV3ZWRfYmxvZ18xIjp0cnVlfQ:1vbcfy:ZrkZVbE510vs9Rzovc6LnjFkd1CHobfz9AeDM1ZY9VI",
    "expire_date": "2026-01-16T10:46:34.644Z"
  }
},
{
  "model": "sessions.session",
  "pk": "h8kizw6vvc6d489oylgyc1qg4y3vag4a",
  "fields": {
    "session_data": "eyJ2aWV3ZWRfYmxvZ18xIjp0cnVlfQ:1vbckD:a7SD56SdiiKGWSBXdcsUR7eukjg7FM8dSgIsd9wE2yA",
    "expire_date": "2026-01-16T10:50:57.235Z"
  }
},
{
  "model": "sessions.session",
  "pk": "h9ycospnjjnpjgmi1oankqv4ejaasbk3",
  "fields": {
    "session_data": "eyJ2aWV3ZWRfYmxvZ18xIjp0cnVlfQ:1vbcfx:6jmBkqVvUpQH5Gk3Ls4UV1Z6J1EIGXyDyRGt8ZVfuTA",
    "expire_date": "2026-01-16T10:46:33.366Z"
  }
},
{
  "model": "sessions.session",
  "pk": "i1ji4mmgeeakmwo0giulnp9kjeya9otm",
  "fields": {
    "session_data": "eyJ2aWV3ZWRfYmxvZ18xIjp0cnVlfQ:1vbcg9:0erFpfsINgTyvkL9J5FlNQ07_dcuK1ewNSg9wtJIYwE",
    "expire_date": "2026-01-16T10:46:45.834Z"
  }
},
{
  "model": "sessions.session",
  "pk": "i4rhhbca19ih4l500mokcmg5fc2i2ii7",
  "fields": {
    "session_data": "eyJ2aWV3ZWRfYmxvZ18xIjp0cnVlfQ:1vbcjM:N0h3i5T7KY7RxsMtzTkSZ3Dxm-9nyHouiVqsAAfI4TA",
    "expire_date": "2026-01-16T10:50:04.471Z"
  }
},
{
  "model": "sessions.session",
  "pk": "i6b3c2mhtp0zr09m2tffs79qvg1y6u92",
  "fields": {
    "session_data": "eyJ2aWV3ZWRfYmxvZ18xIjp0cnVlfQ:1vbchn:p-ieN4GgtHstFEl2M0bO740pbH67L6jLx48mKkUcd94",
    "expire_date": "2026-01-16T10:48:27.883Z"
  }
},
{
  "model": "sessions.session",
  "pk": "jyp7r7t17nr3chv9fn6os3406u4sg4k8",
  "fields": {
    "session_data": "eyJ2aWV3ZWRfYmxvZ18xIjp0cnVlfQ:1vbchl:rBX63g3JGeC0VVN8KiujSDTD892ce53sSnsFtLx0eBs",
    "expire_date": "2026-01-16T10:48:25.857Z"
  }
},
{
  "model": "sessions.session",
  "pk": "lyxm6d3dqbf5c7q1yti0yu6qdp04t075",
  "fields": {
    "session_data": "eyJ2aWV3ZWRfYmxvZ18xIjp0cnVlfQ:1vbcfz:gR6IQY9jKEdJ1F8uHHk9GLfGWJj-Zyk4049oLWxb-4Q",
    "expire_date": "2026-01-16T10:46:35.604Z"
  }
},
{
  "model": "sessions.session",
  "pk": "mhx0ct9i09j9aqo4yxt0kd21vrhwx3va",
  "fields": {
    "session_data": "eyJ2aWV3ZWRfYmxvZ18xIjp0cnVlfQ:1vbcho:Nq0WRMhyWkR2sIyypv7-juzrSENPhb5EiU2AgpFlmSo",
    "expire_date": "2026-01-16T10:48:28.189Z"
  }
},
{
  "model": "sessions.session",
  "pk": "mhx46n4asko6fb0hb881j1hc27jlfkf1",
  "fields": {
    "session_data": "eyJ2aWV3ZWRfYmxvZ18xIjp0cnVlfQ:1vbckA:gOwTrK_QJZ2sjsR9EKmctTJVQuVcx52UpBxT8GAhkpk",
    "expire_date": "2026-01-16T10:50:54.058Z"
  }
},
{
  "model": "sessions.session",
  "pk": "misxgr84ln9ngw1r75fdqn3wid7ywk5g",
  "fields": {
    "session_data": "eyJ2aWV3ZWRfYmxvZ18xIjp0cnVlfQ:1vbcj2:qlLckfiRfCBP3VBHflFeBQ9cnHxgZFQ3YbQqAHsWdP0",
    "expire_date": "2026-01-16T10:49:44.978Z"
  }
},
{
  "model": "sessions.session",
  "pk": "n8msp0z3v7yvc6fg6ptxi1b3etdmugy8",
  "fields": {
    "session_data": "eyJ2aWV3ZWRfYmxvZ18xIjp0cnVlfQ:1vbckA:gOwTrK_QJZ2sjsR9EKmctTJVQuVcx52UpBxT8GAhkpk",
    "expire_date": "2026-01-16T10:50:54.082Z"
  }
},
{
  "model": "sessions.session",
  "pk": "omni13rkgz1x2tz5632ldqp8dpjaphoy",
  "fields": {
    "session_data": "eyJ2aWV3ZWRfYmxvZ18xIjp0cnVlfQ:1vbcfw:K5uwe1HoZc0rKgZHOahsDTFKyshvEv7s1PAayGhi6bM",
    "expire_date": "2026-01-16T10:46:32.896Z"
  }
},
{
  "model": "sessions.session",
  "pk": "p0h9pk4dlypnlxn29mnibwsl6g2sf9qe",
  "fields": {
    "session_data": "eyJ2aWV3ZWRfYmxvZ18xIjp0cnVlfQ:1vbcg9:0erFpfsINgTyvkL9J5FlNQ07_dcuK1ewNSg9wtJIYwE",
    "expire_date": "2026-01-16T10:46:45.711Z"
  }
},
{
  "model": "sessions.session",
  "pk": "poretxorhzc14shx1bu5y8q2gia4kipa",
  "fields": {
    "session_data": "eyJ2aWV3ZWRfYmxvZ18xIjp0cnVlfQ:1vbcgA:KdhOi7Kor9JcS_rYq33GDEOszRHWxNOZV7dFVuYw1u4",
    "expire_date": "2026-01-16T10:46:46.046Z"
  }
},
{
  "model": "sessions.session",
  "pk": "pxyfj72e1hrvf8y7mvc5jjsoxbsppj34",
  "fields": {
    "session_data": "eyJ2aWV3ZWRfYmxvZ18xIjp0cnVlfQ:1vbcfx:6jmBkqVvUpQH5Gk3Ls4UV1Z6J1EIGXyDyRGt8ZVfuTA",
    "expire_date": "2026-01-16T10:46:33.471Z"
  }
},
{
  "model": "sessions.session",
  "pk": "q9gtm1vp25go0ug96i6mnb1kv3hn5l4q",
  "fields": {
    "session_data": "eyJ2aWV3ZWRfYmxvZ18xIjp0cnVlfQ:1vbclz:NTQZyuI5U7pTaBZHmVMJeifbp3DMvPubNg4vSk9__r0",
    "expire_date": "2026-01-16T10:52:47.144Z"
  }
},
{
  "model": "sessions.session",
  "pk": "qqluxtruv6ebfji7hko4b4ca5p1w212y",
  "fields": {
    "session_data": "eyJ2aWV3ZWRfYmxvZ18xIjp0cnVlfQ:1vbclu:aXl2NYIAhhDJiYcPTMp7b2sNCmCa2-7qeFrafEPhcWA",
    "expire_date": "2026-01-16T10:52:42.506Z"
  }
},
{
  "model": "sessions.session",
  "pk": "raqdswc28f84zk1cft1hk8oio969gozi",
  "fields": {
    "session_data": "eyJ2aWV3ZWRfYmxvZ18xIjp0cnVlfQ:1vbchn:p-ieN4GgtHstFEl2M0bO740pbH67L6jLx48mKkUcd94",
    "expire_date": "2026-01-16T10:48:27.583Z"
  }
},
{
  "model": "sessions.session",
  "pk": "rom5n92w594atto7xp0j8c3fzhqanv4s",
  "fields": {
    "session_data": "eyJ2aWV3ZWRfYmxvZ18xIjp0cnVlfQ:1vbcj1:AVzzaCCJ0V7OnFgefpwf8QOLk28ZFc4ylF1YKt35sxg",
    "expire_date": "2026-01-16T10:49:43.252Z"
  }
},
{
  "model": "sessions.session",
  "pk": "rr3itow9hkcbi2ycqcy8bt60mjs7dq62",
  "fields": {
    "session_data": "eyJ2aWV3ZWRfYmxvZ18xIjp0cnVlfQ:1vbchn:p-ieN4GgtHstFEl2M0bO740pbH67L6jLx48mKkUcd94",
    "expire_date": "2026-01-16T10:48:27.257Z"
  }
},
{
  "model": "sessions.session",
  "pk": "slusqmix2t7f2wecqn47nnkkf956pwit",
  "fields": {
    "session_data": "eyJ2aWV3ZWRfYmxvZ18xIjp0cnVlfQ:1vbcg9:0erFpfsINgTyvkL9J5FlNQ07_dcuK1ewNSg9wtJIYwE",
    "expire_date": "2026-01-16T10:46:45.064Z"
  }
},
{
  "model": "sessions.session",
  "pk": "tfvj0e3jjev9rrxgzzt34fmmb1qrpxxi",
  "fields": {
    "session_data": "eyJ2aWV3ZWRfYmxvZ18xIjp0cnVlfQ:1vbcfy:ZrkZVbE510vs9Rzovc6LnjFkd1CHobfz9AeDM1ZY9VI",
    "expire_date": "2026-01-16T10:46:34.125Z"
  }
},
{
  "model": "sessions.session",
  "pk": "tlc49wvkgv6ywqx2pzs043x0p3tnzgir",
  "fields": {
    "session_data": "eyJ2aWV3ZWRfYmxvZ18xIjp0cnVlfQ:1vbcfy:ZrkZVbE510vs9Rzovc6LnjFkd1CHobfz9AeDM1ZY9VI",
    "expire_date": "2026-01-16T10:46:34.944Z"
  }
},
{
  "model": "sessions.session",
  "pk": "u0fsvyf54ejh2sx1obmp9s01su0m3so1",
  "fields": {
    "session_data": "eyJ2aWV3ZWRfYmxvZ18xIjp0cnVlfQ:1vbcg9:0erFpfsINgTyvkL9J5FlNQ07_dcuK1ewNSg9wtJIYwE",
    "expire_date": "2026-01-16T10:46:45.413Z"
  }
},
{
  "model": "sessions.session",
  "pk": "ul9ziim983xpx5nust2k86vadajksftd",
  "fields": {
    "session_data": "eyJ2aWV3ZWRfYmxvZ18xIjp0cnVlfQ:1vbclH:GD-UdrUxToVWkRAd4XifV5xVhAORpwNlUCOIc68yaG0",
    "expire_date": "2026-01-16T10:52:03.249Z"
  }
},
{
  "model": "sessions.session",
  "pk": "uvlwkl93jgxtdw4cvr8ks1v9ql81qna1",
  "fields": {
    "session_data": "eyJ2aWV3ZWRfYmxvZ18xIjp0cnVlfQ:1vbcfy:ZrkZVbE510vs9Rzovc6LnjFkd1CHobfz9AeDM1ZY9VI",
    "expire_date": "2026-01-16T10:46:34.027Z"
  }
},
{
  "model": "sessions.session",
  "pk": "v631v2jje1c1rroikrwoo87etsbo1297",
  "fields": {
    "session_data": "eyJ2aWV3ZWRfYmxvZ18xIjp0cnVlfQ:1vbclU:u1_Xy0ID0_RwxPmibv6HZxkSqWmKnqNgumhZEjpfSK4",
    "expire_date": "2026-01-16T10:52:16.650Z"
  }
},
{
  "model": "sessions.session",
  "pk": "vrj021ctq10o358v94j9uj62qzc2fxhu",
  "fields": {
    "session_data": "eyJ2aWV3ZWRfYmxvZ18xIjp0cnVlfQ:1vbchm:Lv7At8AvcyAQRAQrar5D_-xlmsgL7Iwoz7s4sj_TywM",
    "expire_date": "2026-01-16T10:48:26.923Z"
  }
},
{
  "model": "sessions.session",
  "pk": "vuw93mwzdv4wzlwydkiuranijy1rku1a",
  "fields": {
    "session_data": "eyJ2aWV3ZWRfYmxvZ18xIjp0cnVlfQ:1vbclE:2SV1m_aLaTVRa8zUdyd7hGPFzxOW8e1yW8xHMk2rHqA",
    "expire_date": "2026-01-16T10:52:00.621Z"
  }
},
{
  "model": "sessions.session",
  "pk": "wbm5u7ay94kmvvg1ocbwpknvo1bll9vd",
  "fields": {
    "session_data": "eyJ2aWV3ZWRfYmxvZ18xIjp0cnVlfQ:1vbcfz:gR6IQY9jKEdJ1F8uHHk9GLfGWJj-Zyk4049oLWxb-4Q",
    "expire_date": "2026-01-16T10:46:35.882Z"
  }
},
{
  "model": "sessions.session",
  "pk": "xircwy5p8mmrum8isw65q7fw9paqozf2",
  "fields": {
    "session_data": "eyJ2aWV3ZWRfYmxvZ18xIjp0cnVlfQ:1vbchl:rBX63g3JGeC0VVN8KiujSDTD892ce53sSnsFtLx0eBs",
    "expire_date": "2026-01-16T10:48:25.251Z"
  }
},
{
  "model": "sessions.session",
  "pk": "y9sr7pp12pqix94lcmvewwvjus4oierq",
  "fields": {
    "session_data": "eyJ2aWV3ZWRfYmxvZ18xIjp0cnVlfQ:1vbcg0:oKKCT5PXlMwKecFlkLM3bfNJJUrTKJDKHahRAljyD58",
    "expire_date": "2026-01-16T10:46:36.836Z"
  }
},
{
  "model": "sessions.session",
  "pk": "yeu9sd7y3ljb9mo7illccm42v3x8x5l3",
  "fields": {
    "session_data": "eyJ2aWV3ZWRfYmxvZ18xIjp0cnVlfQ:1vbcfz:gR6IQY9jKEdJ1F8uHHk9GLfGWJj-Zyk4049oLWxb-4Q",
    "expire_date": "2026-01-16T10:46:35.272Z"
  }
},
{
  "model": "sessions.session",
  "pk": "ypk475lrz91bs3ldamhm4l1sn9py5k2p",
  "fields": {
    "session_data": "eyJ2aWV3ZWRfYmxvZ18xIjp0cnVlfQ:1vbcm0:4S68dZZXmmZD4sMQJn27twIdzlhFnExIumMraQv_fkE",
    "expire_date": "2026-01-16T10:52:48.491Z"
  }
},
{
  "model": "sessions.session",
  "pk": "z2khro2diamsbqwsppyhy2ct2lf28aeh",
  "fields": {
    "session_data": "eyJ2aWV3ZWRfYmxvZ18xIjp0cnVlfQ:1vbcm4:24IdxJfIit-1JCYlbfQEMSTG5_9sHLGlSkqfjqkF4xU",
    "expire_date": "2026-01-16T10:52:52.660Z"
  }
},
{
  "model": "sessions.session",
  "pk": "zvbl5ncj4hyj3o1nhrg1fnrz7gkoa0w6",
  "fields": {
    "session_data": "eyJ2aWV3ZWRfYmxvZ18xIjp0cnVlfQ:1vbcg8:LdcHOUorT4Vy_4QAQSVS1kBqodrBbmD4Jvb2MfKUax4",
    "expire_date": "2026-01-16T10:46:44.404Z"
  }
},
{
  "model": "token_blacklist.outstandingtoken",
  "pk": 1,
  "fields": {
    "user": 2,
    "jti": "e1a57da5a25546b3a2fbcf987836f183",
    "token": "eyJhbGciOiJIUzI1NiIsInR5cCI6IkpXVCJ9.eyJ0b2tlbl90eXBlIjoicmVmcmVzaCIsImV4cCI6MTc2Nzg2MDc0NywiaWF0IjoxNzY3MjU1OTQ3LCJqdGkiOiJlMWE1N2RhNWEyNTU0NmIzYTJmYmNmOTg3ODM2ZjE4MyIsInVzZXJfaWQiOiIyIn0.CPwLnesgqDyLZ0W6HYztMajG3kXbG31YmSszK6BYZCk",
    "created_at": "2026-01-01T08:25:47.264Z",
    "expires_at": "2026-01-08T08:25:47Z"
  }
},
{
  "model": "token_blacklist.outstandingtoken",
  "pk": 2,
  "fields": {
    "user": 1,
    "jti": "cd65423108ba49e188e4c7a8daa46ef5",
    "token": "eyJhbGciOiJIUzI1NiIsInR5cCI6IkpXVCJ9.eyJ0b2tlbl90eXBlIjoicmVmcmVzaCIsImV4cCI6MTc2Nzg2MDc3OCwiaWF0IjoxNzY3MjU1OTc4LCJqdGkiOiJjZDY1NDIzMTA4YmE0OWUxODhlNGM3YThkYWE0NmVmNSIsInVzZXJfaWQiOiIxIn0.jjfKyQ3VSuy3YF-QFBbjkLMbSZN8pPisabGetBVFryQ",
    "created_at": "2026-01-01T08:26:18.278Z",
    "expires_at": "2026-01-08T08:26:18Z"
  }
},
{
  "model": "token_blacklist.outstandingtoken",
  "pk": 3,
  "fields": {
    "user": 2,
    "jti": "baaeb26d8f3d4d89bbd43c43fd142df1",
    "token": "eyJhbGciOiJIUzI1NiIsInR5cCI6IkpXVCJ9.eyJ0b2tlbl90eXBlIjoicmVmcmVzaCIsImV4cCI6MTc2Nzg2MDgzMSwiaWF0IjoxNzY3MjU2MDMxLCJqdGkiOiJiYWFlYjI2ZDhmM2Q0ZDg5YmJkNDNjNDNmZDE0MmRmMSIsInVzZXJfaWQiOiIyIn0.RVyHFX17kLCuI7eCDxVmfK4xqEQyEtJVvOUmZSKcTQ0",
    "created_at": "2026-01-01T08:27:11.490Z",
    "expires_at": "2026-01-08T08:27:11Z"
  }
},
{
  "model": "token_blacklist.outstandingtoken",
  "pk": 4,
  "fields": {
    "user": 1,
    "jti": "f64fdc111e764fb0944d0bf89aa87ea5",
    "token": "eyJhbGciOiJIUzI1NiIsInR5cCI6IkpXVCJ9.eyJ0b2tlbl90eXBlIjoicmVmcmVzaCIsImV4cCI6MTc2Nzg2MzQ2MywiaWF0IjoxNzY3MjU4NjYzLCJqdGkiOiJmNjRmZGMxMTFlNzY0ZmIwOTQ0ZDBiZjg5YWE4N2VhNSIsInVzZXJfaWQiOiIxIn0.LHrUxm2yI3Qmxz2vQdm_QOc091-fdZVRIsJ7GRDI-H8",
    "created_at": "2026-01-01T09:11:03.580Z",
    "expires_at": "2026-01-08T09:11:03Z"
  }
},
{
  "model": "token_blacklist.outstandingtoken",
  "pk": 5,
  "fields": {
    "user": 1,
    "jti": "0e9d8dbbb4064bae8becb34cd33d7b6c",
    "token": "eyJhbGciOiJIUzI1NiIsInR5cCI6IkpXVCJ9.eyJ0b2tlbl90eXBlIjoicmVmcmVzaCIsImV4cCI6MTc2Nzg2NDc2MiwiaWF0IjoxNzY3MjU5OTYyLCJqdGkiOiIwZTlkOGRiYmI0MDY0YmFlOGJlY2IzNGNkMzNkN2I2YyIsInVzZXJfaWQiOiIxIn0.Is6e8nvg7fNbRgwC6PJMOQ06ALuqIwyVib6R0DDpevI",
    "created_at": "2026-01-01T09:32:42.233Z",
    "expires_at": "2026-01-08T09:32:42Z"
  }
},
{
  "model": "token_blacklist.outstandingtoken",
  "pk": 6,
  "fields": {
    "user": 1,
    "jti": "f3551c25e08a4d77aa533c9f8b42be2b",
    "token": "eyJhbGciOiJIUzI1NiIsInR5cCI6IkpXVCJ9.eyJ0b2tlbl90eXBlIjoicmVmcmVzaCIsImV4cCI6MTc2Nzg2NDc3OSwiaWF0IjoxNzY3MjU5OTc5LCJqdGkiOiJmMzU1MWMyNWUwOGE0ZDc3YWE1MzNjOWY4YjQyYmUyYiIsInVzZXJfaWQiOiIxIn0.HiRs7KJR6ei57dz4RY9Espkys54kENMMoGerAD77DAI",
    "created_at": "2026-01-01T09:32:59.337Z",
    "expires_at": "2026-01-08T09:32:59Z"
  }
},
{
  "model": "token_blacklist.outstandingtoken",
  "pk": 7,
  "fields": {
    "user": 1,
    "jti": "61e12c8511094fa0b9a2c04de6b5fd51",
    "token": "eyJhbGciOiJIUzI1NiIsInR5cCI6IkpXVCJ9.eyJ0b2tlbl90eXBlIjoicmVmcmVzaCIsImV4cCI6MTc2Nzg2NDg4MywiaWF0IjoxNzY3MjYwMDgzLCJqdGkiOiI2MWUxMmM4NTExMDk0ZmEwYjlhMmMwNGRlNmI1ZmQ1MSIsInVzZXJfaWQiOiIxIn0.g75vPVzMBI7dy3yxyr23EbFiUNZtdYbO-KD6_dUVRu4",
    "created_at": "2026-01-01T09:34:43.473Z",
    "expires_at": "2026-01-08T09:34:43Z"
  }
},
{
  "model": "token_blacklist.outstandingtoken",
  "pk": 8,
  "fields": {
    "user": 1,
    "jti": "86b2e0bdeb8647169445714f20974385",
    "token": "eyJhbGciOiJIUzI1NiIsInR5cCI6IkpXVCJ9.eyJ0b2tlbl90eXBlIjoicmVmcmVzaCIsImV4cCI6MTc2Nzg2NTEzNiwiaWF0IjoxNzY3MjYwMzM2LCJqdGkiOiI4NmIyZTBiZGViODY0NzE2OTQ0NTcxNGYyMDk3NDM4NSIsInVzZXJfaWQiOiIxIn0.VTEbQDBT2si8FurIqtdDrrqWXgHFlxB4jeXstAMr3l4",
    "created_at": "2026-01-01T09:38:56.671Z",
    "expires_at": "2026-01-08T09:38:56Z"
  }
},
{
  "model": "token_blacklist.outstandingtoken",
  "pk": 9,
  "fields": {
    "user": 1,
    "jti": "857ae674a17745b5a72261583e5a3b44",
    "token": "eyJhbGciOiJIUzI1NiIsInR5cCI6IkpXVCJ9.eyJ0b2tlbl90eXBlIjoicmVmcmVzaCIsImV4cCI6MTc2Nzg2NTU4NiwiaWF0IjoxNzY3MjYwNzg2LCJqdGkiOiI4NTdhZTY3NGExNzc0NWI1YTcyMjYxNTgzZTVhM2I0NCIsInVzZXJfaWQiOiIxIn0.VqA2xDyfrec2NvHDSDPTtjdD4pNvtBxaINHr7EobB6M",
    "created_at": "2026-01-01T09:46:26.743Z",
    "expires_at": "2026-01-08T09:46:26Z"
  }
},
{
  "model": "token_blacklist.outstandingtoken",
  "pk": 10,
  "fields": {
    "user": 1,
    "jti": "2d04a45adccb4f54b82203fce8131fc2",
    "token": "eyJhbGciOiJIUzI1NiIsInR5cCI6IkpXVCJ9.eyJ0b2tlbl90eXBlIjoicmVmcmVzaCIsImV4cCI6MTc2Nzg2NjM4NCwiaWF0IjoxNzY3MjYxNTg0LCJqdGkiOiIyZDA0YTQ1YWRjY2I0ZjU0YjgyMjAzZmNlODEzMWZjMiIsInVzZXJfaWQiOiIxIn0.TxTWJTXR1fqROmMiOZaWNQeUqDVfX_NPPUQbqy-2sZQ",
    "created_at": "2026-01-01T09:59:44.592Z",
    "expires_at": "2026-01-08T09:59:44Z"
  }
},
{
  "model": "token_blacklist.outstandingtoken",
  "pk": 11,
  "fields": {
    "user": 1,
    "jti": "0b144ab6bb3f48789df2df07e87076fb",
    "token": "eyJhbGciOiJIUzI1NiIsInR5cCI6IkpXVCJ9.eyJ0b2tlbl90eXBlIjoicmVmcmVzaCIsImV4cCI6MTc2Nzg2OTg2MCwiaWF0IjoxNzY3MjY1MDYwLCJqdGkiOiIwYjE0NGFiNmJiM2Y0ODc4OWRmMmRmMDdlODcwNzZmYiIsInVzZXJfaWQiOiIxIn0.yWmhlUoF4xuNVBh2jJ5NqPZJSQTqpi9INOgDTKfBTv8",
    "created_at": "2026-01-01T10:57:40.999Z",
    "expires_at": "2026-01-08T10:57:40Z"
  }
},
{
  "model": "token_blacklist.outstandingtoken",
  "pk": 12,
  "fields": {
    "user": 1,
    "jti": "8c5a7abca82f4a66b2ef789e2a891097",
    "token": "eyJhbGciOiJIUzI1NiIsInR5cCI6IkpXVCJ9.eyJ0b2tlbl90eXBlIjoicmVmcmVzaCIsImV4cCI6MTc2Nzg3MDMxNywiaWF0IjoxNzY3MjY1NTE3LCJqdGkiOiI4YzVhN2FiY2E4MmY0YTY2YjJlZjc4OWUyYTg5MTA5NyIsInVzZXJfaWQiOiIxIn0.SH1RBheEv0LwoFgSefjxAmZbin61Mzd3WZVRsR61wQk",
    "created_at": "2026-01-01T11:05:17.163Z",
    "expires_at": "2026-01-08T11:05:17Z"
  }
},
{
  "model": "token_blacklist.outstandingtoken",
  "pk": 13,
  "fields": {
    "user": 1,
    "jti": "a58d4884cfdc4f3083e902636057408f",
    "token": "eyJhbGciOiJIUzI1NiIsInR5cCI6IkpXVCJ9.eyJ0b2tlbl90eXBlIjoicmVmcmVzaCIsImV4cCI6MTc2Nzg3NTM4MSwiaWF0IjoxNzY3MjcwNTgxLCJqdGkiOiJhNThkNDg4NGNmZGM0ZjMwODNlOTAyNjM2MDU3NDA4ZiIsInVzZXJfaWQiOiIxIn0.OcHghlEF7uZYBDjxX3nS2QaqiDtPnlNRIinMAVWH6_Y",
    "created_at": "2026-01-01T12:29:41.421Z",
    "expires_at": "2026-01-08T12:29:41Z"
  }
},
{
  "model": "token_blacklist.outstandingtoken",
  "pk": 14,
  "fields": {
    "user": 1,
    "jti": "205e8d843c384e81a823cb0cd9cfc6f4",
    "token": "eyJhbGciOiJIUzI1NiIsInR5cCI6IkpXVCJ9.eyJ0b2tlbl90eXBlIjoicmVmcmVzaCIsImV4cCI6MTc2Nzg4Mzk4MiwiaWF0IjoxNzY3Mjc5MTgyLCJqdGkiOiIyMDVlOGQ4NDNjMzg0ZTgxYTgyM2NiMGNkOWNmYzZmNCIsInVzZXJfaWQiOiIxIn0.BbZ5mJ5tGxNJNISkmjIsqigIkHxdd1_OP85bh7D9Ue0",
    "created_at": "2026-01-01T14:53:02.291Z",
    "expires_at": "2026-01-08T14:53:02Z"
  }
},
{
  "model": "token_blacklist.outstandingtoken",
  "pk": 15,
  "fields": {
    "user": 1,
    "jti": "e1602a97c1944537a175b608b8469577",
    "token": "eyJhbGciOiJIUzI1NiIsInR5cCI6IkpXVCJ9.eyJ0b2tlbl90eXBlIjoicmVmcmVzaCIsImV4cCI6MTc2NzkyNzQ2NSwiaWF0IjoxNzY3MzIyNjY1LCJqdGkiOiJlMTYwMmE5N2MxOTQ0NTM3YTE3NWI2MDhiODQ2OTU3NyIsInVzZXJfaWQiOiIxIn0.AVcdVax1u397WdOLS9utSRNIUs-0Oo9-qD0juExCwYw",
    "created_at": "2026-01-02T02:57:45.091Z",
    "expires_at": "2026-01-09T02:57:45Z"
  }
},
{
  "model": "token_blacklist.outstandingtoken",
  "pk": 16,
  "fields": {
    "user": 1,
    "jti": "5d16271883c74af1aa6fa17326e47f44",
    "token": "eyJhbGciOiJIUzI1NiIsInR5cCI6IkpXVCJ9.eyJ0b2tlbl90eXBlIjoicmVmcmVzaCIsImV4cCI6MTc2NzkzMjA1OCwiaWF0IjoxNzY3MzI3MjU4LCJqdGkiOiI1ZDE2MjcxODgzYzc0YWYxYWE2ZmExNzMyNmU0N2Y0NCIsInVzZXJfaWQiOiIxIn0.gwEBb0tjm6JkvoF1aWk2LbBmltw86BPMtakRWIxUYDA",
    "created_at": "2026-01-02T04:14:18.885Z",
    "expires_at": "2026-01-09T04:14:18Z"
  }
},
{
  "model": "token_blacklist.outstandingtoken",
  "pk": 17,
  "fields": {
    "user": 1,
    "jti": "3f63f6c7e11f4d3bbe5951e377d558d1",
    "token": "eyJhbGciOiJIUzI1NiIsInR5cCI6IkpXVCJ9.eyJ0b2tlbl90eXBlIjoicmVmcmVzaCIsImV4cCI6MTc2NzkzMjIyMCwiaWF0IjoxNzY3MzI3NDIwLCJqdGkiOiIzZjYzZjZjN2UxMWY0ZDNiYmU1OTUxZTM3N2Q1NThkMSIsInVzZXJfaWQiOiIxIn0.lXBxZkGiKKAlBG_pxpsb9nM1RfTpPwzUwGf6XtrH1JI",
    "created_at": "2026-01-02T04:17:00.585Z",
    "expires_at": "2026-01-09T04:17:00Z"
  }
},
{
  "model": "token_blacklist.outstandingtoken",
  "pk": 18,
  "fields": {
    "user": 1,
    "jti": "19f0da6fb85b4178ae2807812ccbde54",
    "token": "eyJhbGciOiJIUzI1NiIsInR5cCI6IkpXVCJ9.eyJ0b2tlbl90eXBlIjoicmVmcmVzaCIsImV4cCI6MTc2NzkzMjY0OCwiaWF0IjoxNzY3MzI3ODQ4LCJqdGkiOiIxOWYwZGE2ZmI4NWI0MTc4YWUyODA3ODEyY2NiZGU1NCIsInVzZXJfaWQiOiIxIn0.irvW1ffx_xPqQ_3WMJdc7UOGyxRmaDoG0tQIIArnoII",
    "created_at": "2026-01-02T04:24:08.335Z",
    "expires_at": "2026-01-09T04:24:08Z"
  }
},
{
  "model": "token_blacklist.outstandingtoken",
  "pk": 19,
  "fields": {
    "user": 2,
    "jti": "b977827db97342a8b70a91f63496248d",
    "token": "eyJhbGciOiJIUzI1NiIsInR5cCI6IkpXVCJ9.eyJ0b2tlbl90eXBlIjoicmVmcmVzaCIsImV4cCI6MTc2NzkzNDY4MSwiaWF0IjoxNzY3MzI5ODgxLCJqdGkiOiJiOTc3ODI3ZGI5NzM0MmE4YjcwYTkxZjYzNDk2MjQ4ZCIsInVzZXJfaWQiOiIyIn0.L4B7x3Wk2_mhpRCCULINmssNResv2Ss-En_6Sl4QGb8",
    "created_at": "2026-01-02T04:58:01.159Z",
    "expires_at": "2026-01-09T04:58:01Z"
  }
},
{
  "model": "token_blacklist.outstandingtoken",
  "pk": 20,
  "fields": {
    "user": 1,
    "jti": "b6db2868ce3c4545970ed90ccd5de43a",
    "token": "eyJhbGciOiJIUzI1NiIsInR5cCI6IkpXVCJ9.eyJ0b2tlbl90eXBlIjoicmVmcmVzaCIsImV4cCI6MTc2NzkzNDY5OSwiaWF0IjoxNzY3MzI5ODk5LCJqdGkiOiJiNmRiMjg2OGNlM2M0NTQ1OTcwZWQ5MGNjZDVkZTQzYSIsInVzZXJfaWQiOiIxIn0.NBNv1gcEpmdwiC2tRKfkJkvXmgIDZEZvnn7wbn6Euvk",
    "created_at": "2026-01-02T04:58:19.878Z",
    "expires_at": "2026-01-09T04:58:19Z"
  }
},
{
  "model": "token_blacklist.outstandingtoken",
  "pk": 21,
  "fields": {
    "user": 1,
    "jti": "e1da838b443a403c88d8b71b5269cdf2",
    "token": "eyJhbGciOiJIUzI1NiIsInR5cCI6IkpXVCJ9.eyJ0b2tlbl90eXBlIjoicmVmcmVzaCIsImV4cCI6MTc2Nzk1NTk1NiwiaWF0IjoxNzY3MzUxMTU2LCJqdGkiOiJlMWRhODM4YjQ0M2E0MDNjODhkOGI3MWI1MjY5Y2RmMiIsInVzZXJfaWQiOiIxIn0.1jT8wARgzBRDgSLSZCZJJugFX45zIHJZcGUHm7ROZfU",
    "created_at": "2026-01-02T10:52:36.447Z",
    "expires_at": "2026-01-09T10:52:36Z"
  }
},
{
  "model": "token_blacklist.outstandingtoken",
  "pk": 22,
  "fields": {
    "user": 1,
    "jti": "a7c1d4038c85463ba703c18cbc90e884",
    "token": "eyJhbGciOiJIUzI1NiIsInR5cCI6IkpXVCJ9.eyJ0b2tlbl90eXBlIjoicmVmcmVzaCIsImV4cCI6MTc2Nzk2MjYxNCwiaWF0IjoxNzY3MzU3ODE0LCJqdGkiOiJhN2MxZDQwMzhjODU0NjNiYTcwM2MxOGNiYzkwZTg4NCIsInVzZXJfaWQiOiIxIn0.ZCQrO5L_t_D4-ChgAvlvIemTJQJo_De7qSQjD-KCBVE",
    "created_at": "2026-01-02T12:43:34.148Z",
    "expires_at": "2026-01-09T12:43:34Z"
  }
},
{
  "model": "token_blacklist.outstandingtoken",
  "pk": 23,
  "fields": {
    "user": 1,
    "jti": "8d3305ede4ac47068f258d6ab3a15de2",
    "token": "eyJhbGciOiJIUzI1NiIsInR5cCI6IkpXVCJ9.eyJ0b2tlbl90eXBlIjoicmVmcmVzaCIsImV4cCI6MTc2ODAwNDE4NSwiaWF0IjoxNzY3Mzk5Mzg1LCJqdGkiOiI4ZDMzMDVlZGU0YWM0NzA2OGYyNThkNmFiM2ExNWRlMiIsInVzZXJfaWQiOiIxIn0.zJmZ-G0vO4_UWEUz818qynQUFepBQSZe5ZLBGaWIALI",
    "created_at": "2026-01-03T00:16:25.234Z",
    "expires_at": "2026-01-10T00:16:25Z"
  }
},
{
  "model": "token_blacklist.outstandingtoken",
  "pk": 24,
  "fields": {
    "user": 1,
    "jti": "8fea46a063f34ae392bacf15535ddaaa",
    "token": "eyJhbGciOiJIUzI1NiIsInR5cCI6IkpXVCJ9.eyJ0b2tlbl90eXBlIjoicmVmcmVzaCIsImV4cCI6MTc2ODAxMTI1MiwiaWF0IjoxNzY3NDA2NDUyLCJqdGkiOiI4ZmVhNDZhMDYzZjM0YWUzOTJiYWNmMTU1MzVkZGFhYSIsInVzZXJfaWQiOiIxIn0.e-q_uvUBzluXvvAN6r44dLABa-Iq2CjDsNeNUO7Qgt0",
    "created_at": "2026-01-03T02:14:12.641Z",
    "expires_at": "2026-01-10T02:14:12Z"
  }
},
{
  "model": "token_blacklist.outstandingtoken",
  "pk": 25,
  "fields": {
    "user": 2,
    "jti": "a66b9292b0044547b101ccbe97f64b99",
    "token": "eyJhbGciOiJIUzI1NiIsInR5cCI6IkpXVCJ9.eyJ0b2tlbl90eXBlIjoicmVmcmVzaCIsImV4cCI6MTc2ODA0MDE3MywiaWF0IjoxNzY3NDM1MzczLCJqdGkiOiJhNjZiOTI5MmIwMDQ0NTQ3YjEwMWNjYmU5N2Y2NGI5OSIsInVzZXJfaWQiOiIyIn0.Ag4rmK5yW0chVFkVlQl60wWzoeO5PuE4RC3fs7o1Zrs",
    "created_at": "2026-01-03T10:16:13.645Z",
    "expires_at": "2026-01-10T10:16:13Z"
  }
},
{
  "model": "token_blacklist.outstandingtoken",
  "pk": 26,
  "fields": {
    "user": 1,
    "jti": "158beaa124d94d619a19b154f92c1cb4",
    "token": "eyJhbGciOiJIUzI1NiIsInR5cCI6IkpXVCJ9.eyJ0b2tlbl90eXBlIjoicmVmcmVzaCIsImV4cCI6MTc2ODA0MDIyMywiaWF0IjoxNzY3NDM1NDIzLCJqdGkiOiIxNThiZWFhMTI0ZDk0ZDYxOWExOWIxNTRmOTJjMWNiNCIsInVzZXJfaWQiOiIxIn0.gn1JRJSftrfJ-naABIZGODDI1iJSyc0y_kLWsD7QwXg",
    "created_at": "2026-01-03T10:17:03.796Z",
    "expires_at": "2026-01-10T10:17:03Z"
  }
},
{
  "model": "token_blacklist.outstandingtoken",
  "pk": 27,
  "fields": {
    "user": 2,
    "jti": "fe1a07c8300940b7847b2113528851a6",
    "token": "eyJhbGciOiJIUzI1NiIsInR5cCI6IkpXVCJ9.eyJ0b2tlbl90eXBlIjoicmVmcmVzaCIsImV4cCI6MTc2ODA0MDgyNSwiaWF0IjoxNzY3NDM2MDI1LCJqdGkiOiJmZTFhMDdjODMwMDk0MGI3ODQ3YjIxMTM1Mjg4NTFhNiIsInVzZXJfaWQiOiIyIn0.tXqX0MhPl0gcjo4-QVqHxNud2xuFHYq3oQHe42OATPU",
    "created_at": "2026-01-03T10:27:05.038Z",
    "expires_at": "2026-01-10T10:27:05Z"
  }
},
{
  "model": "token_blacklist.outstandingtoken",
  "pk": 28,
  "fields": {
    "user": 1,
    "jti": "54263053318e4ec0bdf4936a339ae8f7",
    "token": "eyJhbGciOiJIUzI1NiIsInR5cCI6IkpXVCJ9.eyJ0b2tlbl90eXBlIjoicmVmcmVzaCIsImV4cCI6MTc2ODA0MTAxNiwiaWF0IjoxNzY3NDM2MjE2LCJqdGkiOiI1NDI2MzA1MzMxOGU0ZWMwYmRmNDkzNmEzMzlhZThmNyIsInVzZXJfaWQiOiIxIn0.llV5dNHhzZEMBn1of9bIA6xxI6lH4fX-AxR_Zns26G0",
    "created_at": "2026-01-03T10:30:16.245Z",
    "expires_at": "2026-01-10T10:30:16Z"
  }
},
{
  "model": "token_blacklist.outstandingtoken",
  "pk": 29,
  "fields": {
    "user": 2,
    "jti": "8c1a9ab8deb144aaa7f62907b216c954",
    "token": "eyJhbGciOiJIUzI1NiIsInR5cCI6IkpXVCJ9.eyJ0b2tlbl90eXBlIjoicmVmcmVzaCIsImV4cCI6MTc2ODA0MTA0MCwiaWF0IjoxNzY3NDM2MjQwLCJqdGkiOiI4YzFhOWFiOGRlYjE0NGFhYTdmNjI5MDdiMjE2Yzk1NCIsInVzZXJfaWQiOiIyIn0.OQc5F8ynHFOkpW6AJTCEB55YIU9y6TZo_r1HbT2v8Jw",
    "created_at": "2026-01-03T10:30:40.931Z",
    "expires_at": "2026-01-10T10:30:40Z"
  }
},
{
  "model": "token_blacklist.outstandingtoken",
  "pk": 30,
  "fields": {
    "user": 1,
    "jti": "1a8c17555cc1421b91d3fe215c0f681c",
    "token": "eyJhbGciOiJIUzI1NiIsInR5cCI6IkpXVCJ9.eyJ0b2tlbl90eXBlIjoicmVmcmVzaCIsImV4cCI6MTc2ODA0MTA4MywiaWF0IjoxNzY3NDM2MjgzLCJqdGkiOiIxYThjMTc1NTVjYzE0MjFiOTFkM2ZlMjE1YzBmNjgxYyIsInVzZXJfaWQiOiIxIn0.5fiCc9gS86422ietk0npqmGr_9QihcpdPqwwnPEOhFM",
    "created_at": "2026-01-03T10:31:23.430Z",
    "expires_at": "2026-01-10T10:31:23Z"
  }
},
{
  "model": "token_blacklist.outstandingtoken",
  "pk": 31,
  "fields": {
    "user": 1,
    "jti": "39dfb1e0948742018f33f50960fb3bc4",
    "token": "eyJhbGciOiJIUzI1NiIsInR5cCI6IkpXVCJ9.eyJ0b2tlbl90eXBlIjoicmVmcmVzaCIsImV4cCI6MTc2ODA0NjQxMSwiaWF0IjoxNzY3NDQxNjExLCJqdGkiOiIzOWRmYjFlMDk0ODc0MjAxOGYzM2Y1MDk2MGZiM2JjNCIsInVzZXJfaWQiOiIxIn0.sMEX27J6ov59O2BQ3SoUdi6Y5L2bEYsyPhM_FPJRnSQ",
    "created_at": "2026-01-03T12:00:11.540Z",
    "expires_at": "2026-01-10T12:00:11Z"
  }
},
{
  "model": "token_blacklist.outstandingtoken",
  "pk": 32,
  "fields": {
    "user": 1,
    "jti": "f2791417617e4e38b1bcb3b37f442f47",
    "token": "eyJhbGciOiJIUzI1NiIsInR5cCI6IkpXVCJ9.eyJ0b2tlbl90eXBlIjoicmVmcmVzaCIsImV4cCI6MTc2NzY3NDM0MywiaWF0IjoxNzY3NTg3OTQzLCJqdGkiOiJmMjc5MTQxNzYxN2U0ZTM4YjFiY2IzYjM3ZjQ0MmY0NyIsInVzZXJfaWQiOiIxIn0.rRgKWduHhuUFQCIo4MWR7dX1bWmtq5NV6HACK7mfiQE",
    "created_at": "2026-01-05T04:39:03.913Z",
    "expires_at": "2026-01-06T04:39:03Z"
  }
},
{
  "model": "token_blacklist.outstandingtoken",
  "pk": 33,
  "fields": {
    "user": 2,
    "jti": "78c28e6a153d4af685343d1124d134d5",
    "token": "eyJhbGciOiJIUzI1NiIsInR5cCI6IkpXVCJ9.eyJ0b2tlbl90eXBlIjoicmVmcmVzaCIsImV4cCI6MTc2NzY3NDUzNSwiaWF0IjoxNzY3NTg4MTM1LCJqdGkiOiI3OGMyOGU2YTE1M2Q0YWY2ODUzNDNkMTEyNGQxMzRkNSIsInVzZXJfaWQiOiIyIn0.OV5V8tq8B6MJSJRbT2Qwt_sliALKVJPxhaaXHpzcVTw",
    "created_at": "2026-01-05T04:42:15.757Z",
    "expires_at": "2026-01-06T04:42:15Z"
  }
},
{
  "model": "token_blacklist.outstandingtoken",
  "pk": 34,
  "fields": {
    "user": 1,
    "jti": "39a40e02ec5b410694736887317b7e78",
    "token": "eyJhbGciOiJIUzI1NiIsInR5cCI6IkpXVCJ9.eyJ0b2tlbl90eXBlIjoicmVmcmVzaCIsImV4cCI6MTc2NzY3NDY5NywiaWF0IjoxNzY3NTg4Mjk3LCJqdGkiOiIzOWE0MGUwMmVjNWI0MTA2OTQ3MzY4ODczMTdiN2U3OCIsInVzZXJfaWQiOiIxIn0.Vb-FmYZx3QPTRlWSU80rQ3UgQMBzhDKYawqN2nMPiEs",
    "created_at": "2026-01-05T04:44:57.280Z",
    "expires_at": "2026-01-06T04:44:57Z"
  }
},
{
  "model": "token_blacklist.outstandingtoken",
  "pk": 35,
  "fields": {
    "user": 1,
    "jti": "4d53917befd54b9a942eff7d6994c5e2",
    "token": "eyJhbGciOiJIUzI1NiIsInR5cCI6IkpXVCJ9.eyJ0b2tlbl90eXBlIjoicmVmcmVzaCIsImV4cCI6MTc2NzY3NDczNiwiaWF0IjoxNzY3NTg4MzM2LCJqdGkiOiI0ZDUzOTE3YmVmZDU0YjlhOTQyZWZmN2Q2OTk0YzVlMiIsInVzZXJfaWQiOiIxIn0.YVEF8m9VATlGRpllnYAba6LAkgfR82RbwmwLPnIKysI",
    "created_at": "2026-01-05T04:45:36.198Z",
    "expires_at": "2026-01-06T04:45:36Z"
  }
},
{
  "model": "token_blacklist.outstandingtoken",
  "pk": 36,
  "fields": {
    "user": 2,
    "jti": "91766a293416455f99ee25248749d0bb",
    "token": "eyJhbGciOiJIUzI1NiIsInR5cCI6IkpXVCJ9.eyJ0b2tlbl90eXBlIjoicmVmcmVzaCIsImV4cCI6MTc2NzY3NDc2MCwiaWF0IjoxNzY3NTg4MzYwLCJqdGkiOiI5MTc2NmEyOTM0MTY0NTVmOTllZTI1MjQ4NzQ5ZDBiYiIsInVzZXJfaWQiOiIyIn0.ifGUOTs1bhnv2PlYbtLAml_-ZIMsU0zAI-GbpMq3O1k",
    "created_at": "2026-01-05T04:46:00.556Z",
    "expires_at": "2026-01-06T04:46:00Z"
  }
},
{
  "model": "token_blacklist.outstandingtoken",
  "pk": 37,
  "fields": {
    "user": 2,
    "jti": "5b1cb1ebfa0c4333aeda3dcfaf9b7dc6",
    "token": "eyJhbGciOiJIUzI1NiIsInR5cCI6IkpXVCJ9.eyJ0b2tlbl90eXBlIjoicmVmcmVzaCIsImV4cCI6MTc2NzY4NzQyMSwiaWF0IjoxNzY3NjAxMDIxLCJqdGkiOiI1YjFjYjFlYmZhMGM0MzMzYWVkYTNkY2ZhZjliN2RjNiIsInVzZXJfaWQiOiIyIn0.Furh6Q0VBENq8IF1G6wCQZpCQdz0xWgu4dgsqmYL044",
    "created_at": "2026-01-05T08:17:01.859Z",
    "expires_at": "2026-01-06T08:17:01Z"
  }
},
{
  "model": "token_blacklist.outstandingtoken",
  "pk": 38,
  "fields": {
    "user": 1,
    "jti": "37a9135198fd4f8eaa9eb8c3a4a46a12",
    "token": "eyJhbGciOiJIUzI1NiIsInR5cCI6IkpXVCJ9.eyJ0b2tlbl90eXBlIjoicmVmcmVzaCIsImV4cCI6MTc2NzY5MDM2MCwiaWF0IjoxNzY3NjAzOTYwLCJqdGkiOiIzN2E5MTM1MTk4ZmQ0ZjhlYWE5ZWI4YzNhNGE0NmExMiIsInVzZXJfaWQiOiIxIn0.SKat1yYH_X7yYflLfyuk7U3GpFSjSdaDCLzcWEz9YFA",
    "created_at": "2026-01-05T09:06:00.035Z",
    "expires_at": "2026-01-06T09:06:00Z"
  }
},
{
  "model": "token_blacklist.outstandingtoken",
  "pk": 39,
  "fields": {
    "user": 2,
    "jti": "638dcba694fc4182b1748fa5f2f9aee3",
    "token": "eyJhbGciOiJIUzI1NiIsInR5cCI6IkpXVCJ9.eyJ0b2tlbl90eXBlIjoicmVmcmVzaCIsImV4cCI6MTc2NzY5MDM3MywiaWF0IjoxNzY3NjAzOTczLCJqdGkiOiI2MzhkY2JhNjk0ZmM0MTgyYjE3NDhmYTVmMmY5YWVlMyIsInVzZXJfaWQiOiIyIn0.kXQMCbMEYGSZKi5aKnq4hWFQWsP67ZrLhswc6pgjGDk",
    "created_at": "2026-01-05T09:06:13.413Z",
    "expires_at": "2026-01-06T09:06:13Z"
  }
},
{
  "model": "token_blacklist.outstandingtoken",
  "pk": 40,
  "fields": {
    "user": 1,
    "jti": "b6a8f88b45064171b769844d0e287a65",
    "token": "eyJhbGciOiJIUzI1NiIsInR5cCI6IkpXVCJ9.eyJ0b2tlbl90eXBlIjoicmVmcmVzaCIsImV4cCI6MTc2NzY5MDM4NywiaWF0IjoxNzY3NjAzOTg3LCJqdGkiOiJiNmE4Zjg4YjQ1MDY0MTcxYjc2OTg0NGQwZTI4N2E2NSIsInVzZXJfaWQiOiIxIn0.we5fxPESDAgxp0ItcwXxTxkKPHiBEV4_i3uX674WT7Q",
    "created_at": "2026-01-05T09:06:27.524Z",
    "expires_at": "2026-01-06T09:06:27Z"
  }
},
{
  "model": "token_blacklist.outstandingtoken",
  "pk": 41,
  "fields": {
    "user": 1,
    "jti": "b3b31ba4bc5642319fc9d4e51bfd98b5",
    "token": "eyJhbGciOiJIUzI1NiIsInR5cCI6IkpXVCJ9.eyJ0b2tlbl90eXBlIjoicmVmcmVzaCIsImV4cCI6MTc2NzY5MDQ2NywiaWF0IjoxNzY3NjA0MDY3LCJqdGkiOiJiM2IzMWJhNGJjNTY0MjMxOWZjOWQ0ZTUxYmZkOThiNSIsInVzZXJfaWQiOiIxIn0.KmQmqrk7Hjq_A4fCNw0q67AdL7GFe3fKiXwyT6C7ZDo",
    "created_at": "2026-01-05T09:07:47.562Z",
    "expires_at": "2026-01-06T09:07:47Z"
  }
},
{
  "model": "token_blacklist.outstandingtoken",
  "pk": 42,
  "fields": {
    "user": 2,
    "jti": "ccc470a8a80c4f6397a32678981931d0",
    "token": "eyJhbGciOiJIUzI1NiIsInR5cCI6IkpXVCJ9.eyJ0b2tlbl90eXBlIjoicmVmcmVzaCIsImV4cCI6MTc2NzY5MDQ3NywiaWF0IjoxNzY3NjA0MDc3LCJqdGkiOiJjY2M0NzBhOGE4MGM0ZjYzOTdhMzI2Nzg5ODE5MzFkMCIsInVzZXJfaWQiOiIyIn0.yAefELbk2WByE4d7KkMdJzaD6TqN6JiFle6jfBbxdMs",
    "created_at": "2026-01-05T09:07:57.275Z",
    "expires_at": "2026-01-06T09:07:57Z"
  }
},
{
  "model": "token_blacklist.outstandingtoken",
  "pk": 43,
  "fields": {
    "user": 2,
    "jti": "2986be179bc340a3a02f4ab2eaae35e9",
    "token": "eyJhbGciOiJIUzI1NiIsInR5cCI6IkpXVCJ9.eyJ0b2tlbl90eXBlIjoicmVmcmVzaCIsImV4cCI6MTc2NzY5MzgyOCwiaWF0IjoxNzY3NjA3NDI4LCJqdGkiOiIyOTg2YmUxNzliYzM0MGEzYTAyZjRhYjJlYWFlMzVlOSIsInVzZXJfaWQiOiIyIn0.j-vQz5OQRAtEW_VEby4vQh-LiXhA2oSh9c1hqX4NOFc",
    "created_at": "2026-01-05T10:03:48.337Z",
    "expires_at": "2026-01-06T10:03:48Z"
  }
},
{
  "model": "token_blacklist.outstandingtoken",
  "pk": 44,
  "fields": {
    "user": 2,
    "jti": "b18760d2b7f34884a10d15e683fb19a6",
    "token": "eyJhbGciOiJIUzI1NiIsInR5cCI6IkpXVCJ9.eyJ0b2tlbl90eXBlIjoicmVmcmVzaCIsImV4cCI6MTc2NzY5NDAwNSwiaWF0IjoxNzY3NjA3NjA1LCJqdGkiOiJiMTg3NjBkMmI3ZjM0ODg0YTEwZDE1ZTY4M2ZiMTlhNiIsInVzZXJfaWQiOiIyIn0.KO57L2XoTW3oiGToZPkwqs7dYpl6FRonz7l6fkLExBw",
    "created_at": "2026-01-05T10:06:45.402Z",
    "expires_at": "2026-01-06T10:06:45Z"
  }
},
{
  "model": "token_blacklist.outstandingtoken",
  "pk": 45,
  "fields": {
    "user": 2,
    "jti": "05228d7ba1b04b4491441e900c2246a0",
    "token": "eyJhbGciOiJIUzI1NiIsInR5cCI6IkpXVCJ9.eyJ0b2tlbl90eXBlIjoicmVmcmVzaCIsImV4cCI6MTc2NzY5NjgzOCwiaWF0IjoxNzY3NjEwNDM4LCJqdGkiOiIwNTIyOGQ3YmExYjA0YjQ0OTE0NDFlOTAwYzIyNDZhMCIsInVzZXJfaWQiOiIyIn0.Mge3dXJ0VYW0QPRj2jNh0NBwZ7CzaYNPVqk7ZJK9quA",
    "created_at": "2026-01-05T10:53:58.296Z",
    "expires_at": "2026-01-06T10:53:58Z"
  }
},
{
  "model": "token_blacklist.outstandingtoken",
  "pk": 46,
  "fields": {
    "user": 2,
    "jti": "61867f428cc640cd896811a557a5f66d",
    "token": "eyJhbGciOiJIUzI1NiIsInR5cCI6IkpXVCJ9.eyJ0b2tlbl90eXBlIjoicmVmcmVzaCIsImV4cCI6MTc2NzcwODE1NiwiaWF0IjoxNzY3NjIxNzU2LCJqdGkiOiI2MTg2N2Y0MjhjYzY0MGNkODk2ODExYTU1N2E1ZjY2ZCIsInVzZXJfaWQiOiIyIn0.OBRGZrbLl9F3vg2LZPc8xuBBc9uyuIMJplB6nSP8Y4g",
    "created_at": "2026-01-05T14:02:36.066Z",
    "expires_at": "2026-01-06T14:02:36Z"
  }
},
{
  "model": "token_blacklist.outstandingtoken",
  "pk": 47,
  "fields": {
    "user": 1,
    "jti": "aba04269ae4d4f99925afdd9a88eb39f",
    "token": "eyJhbGciOiJIUzI1NiIsInR5cCI6IkpXVCJ9.eyJ0b2tlbl90eXBlIjoicmVmcmVzaCIsImV4cCI6MTc2NzcwODIxMCwiaWF0IjoxNzY3NjIxODEwLCJqdGkiOiJhYmEwNDI2OWFlNGQ0Zjk5OTI1YWZkZDlhODhlYjM5ZiIsInVzZXJfaWQiOiIxIn0.g-GTf4XozntR2E0iqJ3LNIHBdx5mWjp1dwedEbkb92I",
    "created_at": "2026-01-05T14:03:30.291Z",
    "expires_at": "2026-01-06T14:03:30Z"
  }
},
{
  "model": "token_blacklist.outstandingtoken",
  "pk": 48,
  "fields": {
    "user": 2,
    "jti": "59ae72696b4a45b1a0984bf6a44ddcf1",
    "token": "eyJhbGciOiJIUzI1NiIsInR5cCI6IkpXVCJ9.eyJ0b2tlbl90eXBlIjoicmVmcmVzaCIsImV4cCI6MTc2NzcwODc5MSwiaWF0IjoxNzY3NjIyMzkxLCJqdGkiOiI1OWFlNzI2OTZiNGE0NWIxYTA5ODRiZjZhNDRkZGNmMSIsInVzZXJfaWQiOiIyIn0.asijXjyhFUQJ8-4NzTfdNbmjOal36jThFOUvlGOVfO4",
    "created_at": "2026-01-05T14:13:11.060Z",
    "expires_at": "2026-01-06T14:13:11Z"
  }
},
{
  "model": "token_blacklist.outstandingtoken",
  "pk": 49,
  "fields": {
    "user": 1,
    "jti": "d81791350aec4c9ba430fabc4fa2efb9",
    "token": "eyJhbGciOiJIUzI1NiIsInR5cCI6IkpXVCJ9.eyJ0b2tlbl90eXBlIjoicmVmcmVzaCIsImV4cCI6MTc2NzcwODgwNSwiaWF0IjoxNzY3NjIyNDA1LCJqdGkiOiJkODE3OTEzNTBhZWM0YzliYTQzMGZhYmM0ZmEyZWZiOSIsInVzZXJfaWQiOiIxIn0.W62TLM_L9GrYj8yeNO6kEL_2By5DXPHdvMJVDEjGCIA",
    "created_at": "2026-01-05T14:13:25.459Z",
    "expires_at": "2026-01-06T14:13:25Z"
  }
},
{
  "model": "token_blacklist.outstandingtoken",
  "pk": 50,
  "fields": {
    "user": 1,
    "jti": "6521431d2a52450689a233dd7960220c",
    "token": "eyJhbGciOiJIUzI1NiIsInR5cCI6IkpXVCJ9.eyJ0b2tlbl90eXBlIjoicmVmcmVzaCIsImV4cCI6MTc2NzcwOTAwNSwiaWF0IjoxNzY3NjIyNjA1LCJqdGkiOiI2NTIxNDMxZDJhNTI0NTA2ODlhMjMzZGQ3OTYwMjIwYyIsInVzZXJfaWQiOiIxIn0.WltMWXGhfRQlZuCwhvEI5tDfavkrWCFlTsDnBIizLzg",
    "created_at": "2026-01-05T14:16:45.044Z",
    "expires_at": "2026-01-06T14:16:45Z"
  }
},
{
  "model": "token_blacklist.outstandingtoken",
  "pk": 51,
  "fields": {
    "user": 1,
    "jti": "8f0b6f81bef64d8caf5a5641df3decf4",
    "token": "eyJhbGciOiJIUzI1NiIsInR5cCI6IkpXVCJ9.eyJ0b2tlbl90eXBlIjoicmVmcmVzaCIsImV4cCI6MTc2NzcxMTc2NywiaWF0IjoxNzY3NjI1MzY3LCJqdGkiOiI4ZjBiNmY4MWJlZjY0ZDhjYWY1YTU2NDFkZjNkZWNmNCIsInVzZXJfaWQiOiIxIn0.44u4DIDynKtlkHJbs7XcNyjoZCtLOxDQ6p5PHcfHbPM",
    "created_at": "2026-01-05T15:02:47.205Z",
    "expires_at": "2026-01-06T15:02:47Z"
  }
},
{
  "model": "token_blacklist.outstandingtoken",
  "pk": 52,
  "fields": {
    "user": 2,
    "jti": "10304173a12f4914ab12c22e6b5c0ffe",
    "token": "eyJhbGciOiJIUzI1NiIsInR5cCI6IkpXVCJ9.eyJ0b2tlbl90eXBlIjoicmVmcmVzaCIsImV4cCI6MTc2Nzc1NzM1NiwiaWF0IjoxNzY3NjcwOTU2LCJqdGkiOiIxMDMwNDE3M2ExMmY0OTE0YWIxMmMyMmU2YjVjMGZmZSIsInVzZXJfaWQiOiIyIn0.Cw4y6799LqOIyVjkKRdfRA_UmWnZ5C9HMX6uDJVYnp0",
    "created_at": "2026-01-06T03:42:36.339Z",
    "expires_at": "2026-01-07T03:42:36Z"
  }
},
{
  "model": "token_blacklist.outstandingtoken",
  "pk": 53,
  "fields": {
    "user": 2,
    "jti": "6c7553936b3c43ecab430bc4f1878726",
    "token": "eyJhbGciOiJIUzI1NiIsInR5cCI6IkpXVCJ9.eyJ0b2tlbl90eXBlIjoicmVmcmVzaCIsImV4cCI6MTc2Nzc1NzUwMCwiaWF0IjoxNzY3NjcxMTAwLCJqdGkiOiI2Yzc1NTM5MzZiM2M0M2VjYWI0MzBiYzRmMTg3ODcyNiIsInVzZXJfaWQiOiIyIn0.B0d1M1c40fjGVbDD528lAcmp7umCLsMp6G0uCDW0YnI",
    "created_at": "2026-01-06T03:45:00.473Z",
    "expires_at": "2026-01-07T03:45:00Z"
  }
},
{
  "model": "token_blacklist.outstandingtoken",
  "pk": 54,
  "fields": {
    "user": 1,
    "jti": "42389d5e8d28475daf970dbe9f5df187",
    "token": "eyJhbGciOiJIUzI1NiIsInR5cCI6IkpXVCJ9.eyJ0b2tlbl90eXBlIjoicmVmcmVzaCIsImV4cCI6MTc2Nzc5MDUzOSwiaWF0IjoxNzY3NzA0MTM5LCJqdGkiOiI0MjM4OWQ1ZThkMjg0NzVkYWY5NzBkYmU5ZjVkZjE4NyIsInVzZXJfaWQiOiIxIn0.nh-oDu0IJBrR4_1ZAbpCExW7VdqQ_WmocltmFBgMFCY",
    "created_at": "2026-01-06T12:55:39.436Z",
    "expires_at": "2026-01-07T12:55:39Z"
  }
},
{
  "model": "token_blacklist.outstandingtoken",
  "pk": 55,
  "fields": {
    "user": 1,
    "jti": "acb5753ff2ce43569b61b9fa32b33f13",
    "token": "eyJhbGciOiJIUzI1NiIsInR5cCI6IkpXVCJ9.eyJ0b2tlbl90eXBlIjoicmVmcmVzaCIsImV4cCI6MTc2Nzc5NTc3NywiaWF0IjoxNzY3NzA5Mzc3LCJqdGkiOiJhY2I1NzUzZmYyY2U0MzU2OWI2MWI5ZmEzMmIzM2YxMyIsInVzZXJfaWQiOiIxIn0.rn-XGCamD2vFJ02D1fl_XNdm_77ZHQAoOu7BZ68Gc7U",
    "created_at": "2026-01-06T14:22:57.201Z",
    "expires_at": "2026-01-07T14:22:57Z"
  }
},
{
  "model": "token_blacklist.outstandingtoken",
  "pk": 56,
  "fields": {
    "user": 1,
    "jti": "1c4a57429822469a861d4aa2a493f50e",
    "token": "eyJhbGciOiJIUzI1NiIsInR5cCI6IkpXVCJ9.eyJ0b2tlbl90eXBlIjoicmVmcmVzaCIsImV4cCI6MTc2Nzc5NzU1NywiaWF0IjoxNzY3NzExMTU3LCJqdGkiOiIxYzRhNTc0Mjk4MjI0NjlhODYxZDRhYTJhNDkzZjUwZSIsInVzZXJfaWQiOiIxIn0.juS4nyRrK_1yTXyHlLrm917rinEtyUYpv3pueNCUuAM",
    "created_at": "2026-01-06T14:52:37.927Z",
    "expires_at": "2026-01-07T14:52:37Z"
  }
},
{
  "model": "token_blacklist.outstandingtoken",
  "pk": 57,
  "fields": {
    "user": 2,
    "jti": "5f54090117d34cd5adf440e47eed9828",
    "token": "eyJhbGciOiJIUzI1NiIsInR5cCI6IkpXVCJ9.eyJ0b2tlbl90eXBlIjoicmVmcmVzaCIsImV4cCI6MTc2Nzc5ODI0NiwiaWF0IjoxNzY3NzExODQ2LCJqdGkiOiI1ZjU0MDkwMTE3ZDM0Y2Q1YWRmNDQwZTQ3ZWVkOTgyOCIsInVzZXJfaWQiOiIyIn0.BdeO6KcFILuR0FqOdsQZuawNHKMMnCX_rK7xvRx--I0",
    "created_at": "2026-01-06T15:04:06.903Z",
    "expires_at": "2026-01-07T15:04:06Z"
  }
},
{
  "model": "token_blacklist.outstandingtoken",
  "pk": 58,
  "fields": {
    "user": 1,
    "jti": "c8eecfe1448443e9bd0601c0ad0888d1",
    "token": "eyJhbGciOiJIUzI1NiIsInR5cCI6IkpXVCJ9.eyJ0b2tlbl90eXBlIjoicmVmcmVzaCIsImV4cCI6MTc2Nzc5ODMwMiwiaWF0IjoxNzY3NzExOTAyLCJqdGkiOiJjOGVlY2ZlMTQ0ODQ0M2U5YmQwNjAxYzBhZDA4ODhkMSIsInVzZXJfaWQiOiIxIn0.GcCwzKHBJdXipFISAZrCWQRDbWpFZlfP31qbtzLJwQE",
    "created_at": "2026-01-06T15:05:02.072Z",
    "expires_at": "2026-01-07T15:05:02Z"
  }
},
{
  "model": "token_blacklist.outstandingtoken",
  "pk": 59,
  "fields": {
    "user": 2,
    "jti": "cb44378d52994a3c8807ea6284b1b627",
    "token": "eyJhbGciOiJIUzI1NiIsInR5cCI6IkpXVCJ9.eyJ0b2tlbl90eXBlIjoicmVmcmVzaCIsImV4cCI6MTc2Nzc5ODU3MCwiaWF0IjoxNzY3NzEyMTcwLCJqdGkiOiJjYjQ0Mzc4ZDUyOTk0YTNjODgwN2VhNjI4NGIxYjYyNyIsInVzZXJfaWQiOiIyIn0.CrjOSer7zIVyTjpMfr7bZDty027vecEmDDhJ0hGA_ks",
    "created_at": "2026-01-06T15:09:30.635Z",
    "expires_at": "2026-01-07T15:09:30Z"
  }
},
{
  "model": "token_blacklist.outstandingtoken",
  "pk": 60,
  "fields": {
    "user": 1,
    "jti": "414c4a4c8cf74762a05fd00ec8228dc9",
    "token": "eyJhbGciOiJIUzI1NiIsInR5cCI6IkpXVCJ9.eyJ0b2tlbl90eXBlIjoicmVmcmVzaCIsImV4cCI6MTc2NzgwMDk2OSwiaWF0IjoxNzY3NzE0NTY5LCJqdGkiOiI0MTRjNGE0YzhjZjc0NzYyYTA1ZmQwMGVjODIyOGRjOSIsInVzZXJfaWQiOiIxIn0.8qB6ltuKVvTQGRLUssvH7Qy1VjiZbPsjfz3StiG7r1M",
    "created_at": "2026-01-06T15:49:29.642Z",
    "expires_at": "2026-01-07T15:49:29Z"
  }
},
{
  "model": "token_blacklist.outstandingtoken",
  "pk": 61,
  "fields": {
    "user": 2,
    "jti": "b48e950a872d40e1a042dbfeef3faf7e",
    "token": "eyJhbGciOiJIUzI1NiIsInR5cCI6IkpXVCJ9.eyJ0b2tlbl90eXBlIjoicmVmcmVzaCIsImV4cCI6MTc2NzgwMjMzMSwiaWF0IjoxNzY3NzE1OTMxLCJqdGkiOiJiNDhlOTUwYTg3MmQ0MGUxYTA0MmRiZmVlZjNmYWY3ZSIsInVzZXJfaWQiOiIyIn0.KOyfFZyfL1F84rQ_SqymGJ8fUa-9QZEt-7rgl3mqwqs",
    "created_at": "2026-01-06T16:12:11.010Z",
    "expires_at": "2026-01-07T16:12:11Z"
  }
},
{
  "model": "token_blacklist.outstandingtoken",
  "pk": 62,
  "fields": {
    "user": 1,
    "jti": "994ae90343cb495699ecc8da9a1e8ca6",
    "token": "eyJhbGciOiJIUzI1NiIsInR5cCI6IkpXVCJ9.eyJ0b2tlbl90eXBlIjoicmVmcmVzaCIsImV4cCI6MTc2Nzg0MjI5NywiaWF0IjoxNzY3NzU1ODk3LCJqdGkiOiI5OTRhZTkwMzQzY2I0OTU2OTllY2M4ZGE5YTFlOGNhNiIsInVzZXJfaWQiOiIxIn0.SPiZ2oWUpPV_hqqHsqyxMHK_MDJunhl9qQ3EK373s2Y",
    "created_at": "2026-01-07T03:18:17.973Z",
    "expires_at": "2026-01-08T03:18:17Z"
  }
},
{
  "model": "token_blacklist.outstandingtoken",
  "pk": 63,
  "fields": {
    "user": 2,
    "jti": "c3b6971803c1453cbce0f8b318b91a47",
    "token": "eyJhbGciOiJIUzI1NiIsInR5cCI6IkpXVCJ9.eyJ0b2tlbl90eXBlIjoicmVmcmVzaCIsImV4cCI6MTc2Nzg0NDkyOSwiaWF0IjoxNzY3NzU4NTI5LCJqdGkiOiJjM2I2OTcxODAzYzE0NTNjYmNlMGY4YjMxOGI5MWE0NyIsInVzZXJfaWQiOiIyIn0.dOI8LuvgAJoo4zBMCbcgkQTRPNgoLIbgR3VbEji-SsU",
    "created_at": "2026-01-07T04:02:09.935Z",
    "expires_at": "2026-01-08T04:02:09Z"
  }
},
{
  "model": "token_blacklist.outstandingtoken",
  "pk": 64,
  "fields": {
    "user": 1,
    "jti": "b0cc5890a1ed465e999a1de915e30343",
    "token": "eyJhbGciOiJIUzI1NiIsInR5cCI6IkpXVCJ9.eyJ0b2tlbl90eXBlIjoicmVmcmVzaCIsImV4cCI6MTc2Nzg0NTExNiwiaWF0IjoxNzY3NzU4NzE2LCJqdGkiOiJiMGNjNTg5MGExZWQ0NjVlOTk5YTFkZTkxNWUzMDM0MyIsInVzZXJfaWQiOiIxIn0.IHh9phjSsx9YV6e_07S_8Hx1EKLtjPLZrjzd4X_3d3A",
    "created_at": "2026-01-07T04:05:16.698Z",
    "expires_at": "2026-01-08T04:05:16Z"
  }
},
{
  "model": "token_blacklist.outstandingtoken",
  "pk": 65,
  "fields": {
    "user": 1,
    "jti": "412df2ea1f6c4c9fbc96b68e18da9618",
    "token": "eyJhbGciOiJIUzI1NiIsInR5cCI6IkpXVCJ9.eyJ0b2tlbl90eXBlIjoicmVmcmVzaCIsImV4cCI6MTc2Nzg0NjQ2NCwiaWF0IjoxNzY3NzYwMDY0LCJqdGkiOiI0MTJkZjJlYTFmNmM0YzlmYmM5NmI2OGUxOGRhOTYxOCIsInVzZXJfaWQiOiIxIn0.0I4GieWORRAj1SU61a_-e6ILzCxJaUnLDBrk6On7r70",
    "created_at": "2026-01-07T04:27:44.462Z",
    "expires_at": "2026-01-08T04:27:44Z"
  }
},
{
  "model": "token_blacklist.outstandingtoken",
  "pk": 66,
  "fields": {
    "user": 1,
    "jti": "eabf80fbd22447bd8b056f2de6b87147",
    "token": "eyJhbGciOiJIUzI1NiIsInR5cCI6IkpXVCJ9.eyJ0b2tlbl90eXBlIjoicmVmcmVzaCIsImV4cCI6MTc2Nzg0ODQ0MywiaWF0IjoxNzY3NzYyMDQzLCJqdGkiOiJlYWJmODBmYmQyMjQ0N2JkOGIwNTZmMmRlNmI4NzE0NyIsInVzZXJfaWQiOiIxIn0.4-AtgI7MuymtOa3EeXOtFD7z4MugOZRLrzXpfqRSXkM",
    "created_at": "2026-01-07T05:00:43.557Z",
    "expires_at": "2026-01-08T05:00:43Z"
  }
},
{
  "model": "token_blacklist.outstandingtoken",
  "pk": 67,
  "fields": {
    "user": 1,
    "jti": "b8a650c7a6964008b3a4211e3f686c2d",
    "token": "eyJhbGciOiJIUzI1NiIsInR5cCI6IkpXVCJ9.eyJ0b2tlbl90eXBlIjoicmVmcmVzaCIsImV4cCI6MTc2Nzg1MjA4MCwiaWF0IjoxNzY3NzY1NjgwLCJqdGkiOiJiOGE2NTBjN2E2OTY0MDA4YjNhNDIxMWUzZjY4NmMyZCIsInVzZXJfaWQiOiIxIn0.LpKwib-3WqRkWvXnyZFNUfB9Fft_cr68JTgcLvvDjC4",
    "created_at": "2026-01-07T06:01:20.578Z",
    "expires_at": "2026-01-08T06:01:20Z"
  }
},
{
  "model": "token_blacklist.outstandingtoken",
  "pk": 68,
  "fields": {
    "user": 2,
    "jti": "152bec0273d342b3b70c5ad1024a652f",
    "token": "eyJhbGciOiJIUzI1NiIsInR5cCI6IkpXVCJ9.eyJ0b2tlbl90eXBlIjoicmVmcmVzaCIsImV4cCI6MTc2Nzg1MjIyMywiaWF0IjoxNzY3NzY1ODIzLCJqdGkiOiIxNTJiZWMwMjczZDM0MmIzYjcwYzVhZDEwMjRhNjUyZiIsInVzZXJfaWQiOiIyIn0.mhzxqgVLfeoryunI91acAUlkytUPAIKQJp0w-B0l9-I",
    "created_at": "2026-01-07T06:03:43.922Z",
    "expires_at": "2026-01-08T06:03:43Z"
  }
},
{
  "model": "token_blacklist.blacklistedtoken",
  "pk": 1,
  "fields": {
    "token": 1,
    "blacklisted_at": "2026-01-01T08:26:05.802Z"
  }
},
{
  "model": "token_blacklist.blacklistedtoken",
  "pk": 2,
  "fields": {
    "token": 2,
    "blacklisted_at": "2026-01-01T08:27:03.020Z"
  }
},
{
  "model": "token_blacklist.blacklistedtoken",
  "pk": 3,
  "fields": {
    "token": 4,
    "blacklisted_at": "2026-01-01T09:25:35.136Z"
  }
},
{
  "model": "token_blacklist.blacklistedtoken",
  "pk": 4,
  "fields": {
    "token": 7,
    "blacklisted_at": "2026-01-01T09:38:40.949Z"
  }
},
{
  "model": "token_blacklist.blacklistedtoken",
  "pk": 5,
  "fields": {
    "token": 8,
    "blacklisted_at": "2026-01-01T09:39:02.772Z"
  }
},
{
  "model": "token_blacklist.blacklistedtoken",
  "pk": 6,
  "fields": {
    "token": 9,
    "blacklisted_at": "2026-01-01T09:59:36.967Z"
  }
},
{
  "model": "token_blacklist.blacklistedtoken",
  "pk": 7,
  "fields": {
    "token": 10,
    "blacklisted_at": "2026-01-01T10:43:06.325Z"
  }
},
{
  "model": "token_blacklist.blacklistedtoken",
  "pk": 8,
  "fields": {
    "token": 11,
    "blacklisted_at": "2026-01-01T12:29:29.555Z"
  }
},
{
  "model": "token_blacklist.blacklistedtoken",
  "pk": 9,
  "fields": {
    "token": 17,
    "blacklisted_at": "2026-01-02T04:24:02.459Z"
  }
},
{
  "model": "token_blacklist.blacklistedtoken",
  "pk": 10,
  "fields": {
    "token": 18,
    "blacklisted_at": "2026-01-02T04:57:09.151Z"
  }
},
{
  "model": "token_blacklist.blacklistedtoken",
  "pk": 11,
  "fields": {
    "token": 19,
    "blacklisted_at": "2026-01-02T04:58:13.692Z"
  }
},
{
  "model": "token_blacklist.blacklistedtoken",
  "pk": 12,
  "fields": {
    "token": 20,
    "blacklisted_at": "2026-01-02T12:43:18.298Z"
  }
},
{
  "model": "token_blacklist.blacklistedtoken",
  "pk": 13,
  "fields": {
    "token": 23,
    "blacklisted_at": "2026-01-03T02:14:00.542Z"
  }
},
{
  "model": "token_blacklist.blacklistedtoken",
  "pk": 14,
  "fields": {
    "token": 24,
    "blacklisted_at": "2026-01-03T10:15:28.542Z"
  }
},
{
  "model": "token_blacklist.blacklistedtoken",
  "pk": 15,
  "fields": {
    "token": 25,
    "blacklisted_at": "2026-01-03T10:18:32.438Z"
  }
},
{
  "model": "token_blacklist.blacklistedtoken",
  "pk": 16,
  "fields": {
    "token": 27,
    "blacklisted_at": "2026-01-03T10:30:08.394Z"
  }
},
{
  "model": "token_blacklist.blacklistedtoken",
  "pk": 17,
  "fields": {
    "token": 28,
    "blacklisted_at": "2026-01-03T10:30:28.668Z"
  }
},
{
  "model": "token_blacklist.blacklistedtoken",
  "pk": 18,
  "fields": {
    "token": 29,
    "blacklisted_at": "2026-01-03T10:30:55.313Z"
  }
},
{
  "model": "token_blacklist.blacklistedtoken",
  "pk": 19,
  "fields": {
    "token": 30,
    "blacklisted_at": "2026-01-03T11:59:59.570Z"
  }
},
{
  "model": "token_blacklist.blacklistedtoken",
  "pk": 20,
  "fields": {
    "token": 32,
    "blacklisted_at": "2026-01-05T04:42:10.783Z"
  }
},
{
  "model": "token_blacklist.blacklistedtoken",
  "pk": 21,
  "fields": {
    "token": 33,
    "blacklisted_at": "2026-01-05T04:44:51.149Z"
  }
},
{
  "model": "token_blacklist.blacklistedtoken",
  "pk": 22,
  "fields": {
    "token": 34,
    "blacklisted_at": "2026-01-05T04:45:27.807Z"
  }
},
{
  "model": "token_blacklist.blacklistedtoken",
  "pk": 23,
  "fields": {
    "token": 35,
    "blacklisted_at": "2026-01-05T04:45:48.815Z"
  }
},
{
  "model": "token_blacklist.blacklistedtoken",
  "pk": 24,
  "fields": {
    "token": 36,
    "blacklisted_at": "2026-01-05T05:00:57.702Z"
  }
},
{
  "model": "token_blacklist.blacklistedtoken",
  "pk": 25,
  "fields": {
    "token": 41,
    "blacklisted_at": "2026-01-05T09:07:51.985Z"
  }
},
{
  "model": "token_blacklist.blacklistedtoken",
  "pk": 26,
  "fields": {
    "token": 42,
    "blacklisted_at": "2026-01-05T10:03:41.481Z"
  }
},
{
  "model": "token_blacklist.blacklistedtoken",
  "pk": 27,
  "fields": {
    "token": 43,
    "blacklisted_at": "2026-01-05T10:06:02.329Z"
  }
},
{
  "model": "token_blacklist.blacklistedtoken",
  "pk": 28,
  "fields": {
    "token": 44,
    "blacklisted_at": "2026-01-05T10:53:42.902Z"
  }
},
{
  "model": "token_blacklist.blacklistedtoken",
  "pk": 29,
  "fields": {
    "token": 45,
    "blacklisted_at": "2026-01-05T14:02:29.066Z"
  }
},
{
  "model": "token_blacklist.blacklistedtoken",
  "pk": 30,
  "fields": {
    "token": 46,
    "blacklisted_at": "2026-01-05T14:03:24.435Z"
  }
},
{
  "model": "token_blacklist.blacklistedtoken",
  "pk": 31,
  "fields": {
    "token": 48,
    "blacklisted_at": "2026-01-05T14:13:20.296Z"
  }
},
{
  "model": "token_blacklist.blacklistedtoken",
  "pk": 32,
  "fields": {
    "token": 47,
    "blacklisted_at": "2026-01-05T14:15:49.907Z"
  }
},
{
  "model": "token_blacklist.blacklistedtoken",
  "pk": 33,
  "fields": {
    "token": 49,
    "blacklisted_at": "2026-01-05T14:15:59.859Z"
  }
},
{
  "model": "token_blacklist.blacklistedtoken",
  "pk": 34,
  "fields": {
    "token": 52,
    "blacklisted_at": "2026-01-06T03:46:05.864Z"
  }
},
{
  "model": "token_blacklist.blacklistedtoken",
  "pk": 35,
  "fields": {
    "token": 54,
    "blacklisted_at": "2026-01-06T14:06:36.529Z"
  }
},
{
  "model": "token_blacklist.blacklistedtoken",
  "pk": 36,
  "fields": {
    "token": 56,
    "blacklisted_at": "2026-01-06T15:04:00.757Z"
  }
},
{
  "model": "token_blacklist.blacklistedtoken",
  "pk": 37,
  "fields": {
    "token": 63,
    "blacklisted_at": "2026-01-07T04:04:33.205Z"
  }
},
{
  "model": "token_blacklist.blacklistedtoken",
  "pk": 38,
  "fields": {
    "token": 64,
    "blacklisted_at": "2026-01-07T04:27:39.694Z"
  }
},
{
  "model": "token_blacklist.blacklistedtoken",
  "pk": 39,
  "fields": {
    "token": 65,
    "blacklisted_at": "2026-01-07T05:00:37.689Z"
  }
},
{
  "model": "token_blacklist.blacklistedtoken",
  "pk": 40,
  "fields": {
    "token": 66,
    "blacklisted_at": "2026-01-07T05:59:38.172Z"
  }
},
{
  "model": "token_blacklist.blacklistedtoken",
  "pk": 41,
  "fields": {
    "token": 67,
    "blacklisted_at": "2026-01-07T06:03:34.797Z"
  }
},
{
  "model": "token_blacklist.blacklistedtoken",
  "pk": 42,
  "fields": {
    "token": 68,
    "blacklisted_at": "2026-01-07T06:06:45.966Z"
  }
},
{
  "model": "auth_app.user",
  "pk": 1,
  "fields": {
    "password": "pbkdf2_sha256$870000$lHPQr8SVxhqt8wUckiyvQg$xbFugI604IVDxyy75ft+m71BkaGv+0tbfoUzyH9iO9k=",
    "last_login": "2026-01-07T06:00:51.100Z",
    "is_superuser": true,
    "email": "dselvajagan@gmail.com",
    "username": "dselva",
    "profile_image": "profile_images/user_1/Screenshot_from_2025-08-02_07-26-19.png",
    "is_active": true,
    "is_staff": true,
    "date_joined": "2026-01-01T09:10:55Z",
    "groups": [],
    "user_permissions": []
  }
},
{
  "model": "auth_app.user",
  "pk": 2,
  "fields": {
    "password": "pbkdf2_sha256$870000$YUKpet0wd4XB7bKeRQ39mg$hk9QGWkkNRFKKZ1AToel0VSn4npMptXTxQPm9PDoyjg=",
    "last_login": null,
    "is_superuser": false,
    "email": "nadardselva@gmail.com",
    "username": "dselva2005",
    "profile_image": "profile_images/user_2/kali.png",
    "is_active": true,
    "is_staff": false,
    "date_joined": "2026-01-01T09:10:55.892Z",
    "groups": [],
    "user_permissions": []
  }
},
{
  "model": "content.content",
  "pk": 1,
  "fields": {
    "key": "hero.slides",
    "value": [
      {
        "title": "Study In Recognized Universities!",
        "description": "We help students secure admissions in top global universities with end-to-end visa support."
      },
      {
        "title": "Build Your Global Career",
        "description": "Expert immigration consultants guiding you through every step of your journey abroad."
      },
      {
        "title": "Trusted Visa & Migration Experts",
        "description": "Professional assistance for student, work, and permanent residency visas."
      }
    ],
    "content_type": "list",
    "page": "home",
    "locale": "en",
    "is_published": true,
    "order": 1,
    "updated_at": "2025-12-31T09:24:14.980Z"
  }
},
{
  "model": "content.content",
  "pk": 4,
  "fields": {
    "key": "hero.images",
    "value": [
      {
        "alt": "Study abroad campus",
        "url": "https://picsum.photos/id/1011/600/800"
      },
      {
        "alt": "International students",
        "url": "https://picsum.photos/id/1015/600/800"
      },
      {
        "alt": "Global education",
        "url": "https://picsum.photos/id/1024/600/800"
      }
    ],
    "content_type": "list",
    "page": "home",
    "locale": "en",
    "is_published": true,
    "order": 2,
    "updated_at": "2025-12-31T08:53:30.006Z"
  }
},
{
  "model": "content.content",
  "pk": 5,
  "fields": {
    "key": "hero.cta",
    "value": {
      "href": "/contact",
      "label": "More Details"
    },
    "content_type": "object",
    "page": "home",
    "locale": "en",
    "is_published": true,
    "order": 3,
    "updated_at": "2025-12-31T09:24:19.751Z"
  }
},
{
  "model": "content.content",
  "pk": 6,
  "fields": {
    "key": "info.header",
    "value": {
      "title": "A One-Stop Solution For All",
      "eyebrow": "Welcome to Immigo",
      "highlight": "Your Visa Needs"
    },
    "content_type": "object",
    "page": "home",
    "locale": "en",
    "is_published": true,
    "order": 10,
    "updated_at": "2025-12-31T09:24:05.593Z"
  }
},
{
  "model": "content.content",
  "pk": 7,
  "fields": {
    "key": "info.cards",
    "value": [
      {
        "title": "Visa Expiring or Expired",
        "buttonLink": "#",
        "buttonText": "Online Services",
        "description": "Understand your options and next steps."
      },
      {
        "title": "Immigration Support",
        "buttonLink": "#",
        "buttonText": "Get Help",
        "description": "Guidance from registered professionals."
      },
      {
        "title": "Document Review",
        "buttonLink": "#",
        "buttonText": "Start Review",
        "description": "Ensure your paperwork is correct."
      },
      {
        "title": "Legal Compliance",
        "buttonLink": "#",
        "buttonText": "Learn More",
        "description": "Stay compliant with current laws."
      }
    ],
    "content_type": "list",
    "page": "home",
    "locale": "en",
    "is_published": true,
    "order": 11,
    "updated_at": "2025-12-31T09:05:49.777Z"
  }
},
{
  "model": "content.content",
  "pk": 8,
  "fields": {
    "key": "visa.header",
    "value": {
      "title": "Visa Solutions Built for You",
      "eyebrow": "Our Services",
      "description": "Explore migration pathways tailored to your education, career, business, and travel goals."
    },
    "content_type": "object",
    "page": "home",
    "locale": "en",
    "is_published": true,
    "order": 20,
    "updated_at": "2025-12-31T09:31:11.053Z"
  }
},
{
  "model": "content.content",
  "pk": 9,
  "fields": {
    "key": "visa.services",
    "value": [
      {
        "href": "/visas/student",
        "image": "https://migrationreviews.com/1124/wp-content/uploads/2025/08/visa-1.jpg",
        "index": "01",
        "items": [
          "F1 Student Visa",
          "J1 Exchange Visitor Visa",
          "Non-Academic Student Visa"
        ],
        "title": "Student Visa",
        "description": "Foresee the pain and trouble that are bound to ensue when pursuing education abroad without proper guidance."
      },
      {
        "href": "/visas/residence",
        "image": "https://migrationreviews.com/1124/wp-content/uploads/2025/08/visa-2.jpg",
        "index": "02",
        "items": [
          "Permanent Residence Visa",
          "Humanitarian Residence",
          "Temporary Residence Visa"
        ],
        "title": "Residence Visa",
        "description": "Explore permanent and temporary residence pathways with expert support at every step."
      },
      {
        "href": "/visas/business",
        "image": "https://migrationreviews.com/1124/wp-content/uploads/2025/08/visa-3.jpg",
        "index": "03",
        "items": [
          "Business Visa",
          "Employment Visa",
          "Project Visa"
        ],
        "title": "Business Visa",
        "description": "Professional assistance for entrepreneurs, investors, and skilled professionals expanding globally."
      },
      {
        "href": "/visas/tourist",
        "image": "https://migrationreviews.com/1124/wp-content/uploads/2025/08/visa-4.jpg",
        "index": "04",
        "items": [
          "Tourist Visa",
          "Short-Term Visit Visa",
          "Travel Documentation Support"
        ],
        "title": "Tourist Visa",
        "description": "Comprehensive tourist visa services for hassle-free international travel experiences."
      }
    ],
    "content_type": "list",
    "page": "home",
    "locale": "en",
    "is_published": true,
    "order": 21,
    "updated_at": "2025-12-31T10:05:39.137Z"
  }
},
{
  "model": "content.content",
  "pk": 10,
  "fields": {
    "key": "about.images",
    "value": [
      {
        "alt": "Immigration consultation",
        "src": "https://migrationreviews.com/1123/wp-content/uploads/2022/02/about-1.jpg"
      },
      {
        "alt": "Client consultation",
        "src": "https://migrationreviews.com/1123/wp-content/uploads/2022/02/about-2.jpg"
      },
      {
        "alt": "Immigration services",
        "src": "https://migrationreviews.com/1123/wp-content/uploads/2022/02/about-3.jpg"
      }
    ],
    "content_type": "list",
    "page": "home",
    "locale": "en",
    "is_published": true,
    "order": 30,
    "updated_at": "2025-12-31T09:36:13.089Z"
  }
},
{
  "model": "content.content",
  "pk": 11,
  "fields": {
    "key": "about.experience",
    "value": {
      "label": "Years of Experience",
      "years": 14
    },
    "content_type": "object",
    "page": "home",
    "locale": "en",
    "is_published": true,
    "order": 31,
    "updated_at": "2025-12-31T09:36:45.223Z"
  }
},
{
  "model": "content.content",
  "pk": 12,
  "fields": {
    "key": "about.header",
    "value": {
      "title": "Trusted Immigration Consulting Experts",
      "eyebrow": "About Immigo"
    },
    "content_type": "object",
    "page": "home",
    "locale": "en",
    "is_published": true,
    "order": 32,
    "updated_at": "2025-12-31T09:37:12.502Z"
  }
},
{
  "model": "content.content",
  "pk": 13,
  "fields": {
    "key": "about.highlight",
    "value": {
      "icon": "https://migrationreviews.com/1123/wp-content/themes/immigo/assets/images/icons/icon-4.png",
      "title": "Immigration Consultant Agency",
      "eyebrow": "U.S. Based"
    },
    "content_type": "object",
    "page": "home",
    "locale": "en",
    "is_published": true,
    "order": 33,
    "updated_at": "2025-12-31T09:37:36.115Z"
  }
},
{
  "model": "content.content",
  "pk": 14,
  "fields": {
    "key": "about.description",
    "value": "All this mistaken idea of denouncing pleasure and praising pain was born and will give you a complete account of the system, expound the actual teachings of the great explorer of the truth, and the master-builder of human happiness.",
    "content_type": "text",
    "page": "home",
    "locale": "en",
    "is_published": true,
    "order": 34,
    "updated_at": "2025-12-31T09:38:32.486Z"
  }
},
{
  "model": "content.content",
  "pk": 15,
  "fields": {
    "key": "about.cta",
    "value": {
      "href": "/about",
      "label": "Learn More"
    },
    "content_type": "object",
    "page": "home",
    "locale": "en",
    "is_published": true,
    "order": 0,
    "updated_at": "2025-12-31T09:45:55.840Z"
  }
},
{
  "model": "content.content",
  "pk": 16,
  "fields": {
    "key": "countries.header",
    "value": {
      "title": "Explore Popular Migration Destinations",
      "eyebrow": "Countries We Serve",
      "description": "Choose from top countries offering education, work, and permanent residency opportunities."
    },
    "content_type": "object",
    "page": "home",
    "locale": "en",
    "is_published": true,
    "order": 40,
    "updated_at": "2025-12-31T10:33:06.285Z"
  }
},
{
  "model": "content.content",
  "pk": 18,
  "fields": {
    "key": "countries.filters",
    "value": {
      "business": "Business",
      "education": "Education",
      "immigration": "Immigration"
    },
    "content_type": "object",
    "page": "home",
    "locale": "en",
    "is_published": true,
    "order": 41,
    "updated_at": "2025-12-31T10:33:10.527Z"
  }
},
{
  "model": "content.content",
  "pk": 19,
  "fields": {
    "key": "why_choose.header",
    "value": {
      "title": "Offer Tailor-Made Services That",
      "eyebrow": "Why Choose Us",
      "highlight": "Our Clients Require"
    },
    "content_type": "object",
    "page": "home",
    "locale": "en",
    "is_published": true,
    "order": 50,
    "updated_at": "2025-12-31T10:45:52.201Z"
  }
},
{
  "model": "content.content",
  "pk": 20,
  "fields": {
    "key": "why_choose.items",
    "value": [
      {
        "href": "/about",
        "icon": "https://migrationreviews.com/1123/wp-content/uploads/2022/03/job-interview-1.svg",
        "title": "Direct Interviews",
        "description": "Expound actual teachings to the great explorers of truth."
      },
      {
        "href": "/about",
        "icon": "https://migrationreviews.com/1123/wp-content/uploads/2022/03/worldwide-1.svg",
        "title": "Faster Processing",
        "description": "Give you a complete account of the system and procedures."
      },
      {
        "href": "/about",
        "icon": "https://migrationreviews.com/1123/wp-content/uploads/2022/03/video-call-1.svg",
        "title": "Visa Assistance",
        "description": "Professional visa guidance for individuals and businesses."
      },
      {
        "href": "/about",
        "icon": "https://migrationreviews.com/1123/wp-content/uploads/2022/03/receipt-1.svg",
        "title": "Cost-Effective",
        "description": "Affordable solutions without compromising service quality."
      }
    ],
    "content_type": "list",
    "page": "home",
    "locale": "en",
    "is_published": true,
    "order": 51,
    "updated_at": "2025-12-31T10:47:41.814Z"
  }
},
{
  "model": "content.content",
  "pk": 21,
  "fields": {
    "key": "testimonials.header",
    "value": {
      "title": "Feedback From Our Clients",
      "eyebrow": "Client Reviews"
    },
    "content_type": "object",
    "page": "home",
    "locale": "en",
    "is_published": true,
    "order": 60,
    "updated_at": "2025-12-31T11:07:56.368Z"
  }
},
{
  "model": "content.content",
  "pk": 22,
  "fields": {
    "key": "news.header",
    "value": {
      "title": "Read Our Latest Insights",
      "eyebrow": "News & Updates"
    },
    "content_type": "object",
    "page": "home",
    "locale": "en",
    "is_published": true,
    "order": 60,
    "updated_at": "2025-12-31T11:20:10.992Z"
  }
},
{
  "model": "content.content",
  "pk": 23,
  "fields": {
    "key": "review.hero.messages",
    "value": [
      {
        "title": "Trusted company reviews",
        "subtitle": "Honest customer experiences..."
      },
      {
        "title": "Make confident decisions",
        "subtitle": "Compare companies..."
      },
      {
        "title": "Real voices, real impact",
        "subtitle": "Discover what customers actually think..."
      }
    ],
    "content_type": "list",
    "page": "review",
    "locale": "en",
    "is_published": true,
    "order": 1,
    "updated_at": "2025-12-31T13:09:08.433Z"
  }
},
{
  "model": "content.content",
  "pk": 24,
  "fields": {
    "key": "testimonials.items",
    "value": [
      {
        "id": 1,
        "date": "February 3, 2022",
        "text": "Immigo visa consultancy is the best we came across while doing market research & migrating to Canada.",
        "image": "https://migrationreviews.com/1123/wp-content/uploads/2022/02/testimonial-2.jpg",
        "title": "Thank You Immigo!",
        "author": "Nora Penelope",
        "rating": 4,
        "country": "Switzerland"
      },
      {
        "id": 2,
        "date": "February 3, 2022",
        "text": "Quisque Consultancy is definitely a highly recommended canadian migration agency.",
        "image": "https://migrationreviews.com/1123/wp-content/uploads/2022/02/testimonial-1.jpg",
        "title": "Smooth & Efficient Service!",
        "author": "Silverster Scott",
        "rating": 3,
        "country": "Netherland"
      },
      {
        "id": 3,
        "date": "February 3, 2022",
        "text": "Awesome customer service, they know what they are doing.",
        "image": "https://migrationreviews.com/1123/wp-content/uploads/2022/02/testimonial-3.jpg",
        "title": "Highly Recommended!",
        "author": "Arlo Sebastian",
        "rating": 5,
        "country": "Australia"
      },
      {
        "id": 4,
        "date": "February 3, 2022",
        "text": "Immigo visa consultancy is the best we came across while doing market research & migrating to Canada.",
        "image": "https://migrationreviews.com/1123/wp-content/uploads/2022/02/testimonial-2.jpg",
        "title": "Thank You Immigo!",
        "author": "Nora Penelope",
        "rating": 4,
        "country": "Switzerland"
      },
      {
        "id": 5,
        "date": "February 3, 2022",
        "text": "Quisque Consultancy is definitely a highly recommended canadian migration agency.",
        "image": "https://migrationreviews.com/1123/wp-content/uploads/2022/02/testimonial-1.jpg",
        "title": "Smooth & Efficient Service!",
        "author": "Silverster Scott",
        "rating": 3,
        "country": "Netherland"
      },
      {
        "id": 6,
        "date": "February 3, 2022",
        "text": "Awesome customer service, they know what they are doing.",
        "image": "https://migrationreviews.com/1123/wp-content/uploads/2022/02/testimonial-3.jpg",
        "title": "Highly Recommended!",
        "author": "Arlo Sebastian",
        "rating": 5,
        "country": "Australia"
      }
    ],
    "content_type": "list",
    "page": "home",
    "locale": "en",
    "is_published": true,
    "order": 61,
    "updated_at": "2026-01-02T12:52:40.594Z"
  }
},
{
  "model": "content.content",
  "pk": 25,
  "fields": {
    "key": "countries.items",
    "value": [
      {
        "id": "canada-education",
        "flag": "/flags/canada.svg",
        "link": "/study-in-canada",
        "name": "Canada",
        "image": "https://images.unsplash.com/photo-1508973375-1d5be6c98b00?q=80&w=1200&auto=format&fit=crop",
        "category": "education",
        "description": "Globally ranked universities with strong post-study work options."
      },
      {
        "id": "germany-education",
        "flag": "/flags/germany.svg",
        "link": "/study-in-germany",
        "name": "Germany",
        "image": "https://images.unsplash.com/photo-1467269204594-9661b134dd2b?q=80&w=1200&auto=format&fit=crop",
        "category": "education",
        "description": "Low tuition fees and world-class technical education."
      },
      {
        "id": "uk-education",
        "flag": "/flags/uk.svg",
        "link": "/study-in-uk",
        "name": "United Kingdom",
        "image": "https://images.unsplash.com/photo-1486299267070-83823f5448dd?q=80&w=1200&auto=format&fit=crop",
        "category": "education",
        "description": "Shorter degrees and top global institutions."
      },
      {
        "id": "usa-education",
        "flag": "/flags/usa.svg",
        "link": "/study-in-usa",
        "name": "United States",
        "image": "https://images.unsplash.com/photo-1494526585095-c41746248156?q=80&w=1200&auto=format&fit=crop",
        "category": "education",
        "description": "World-leading universities with diverse academic programs."
      },
      {
        "id": "australia-education",
        "flag": "/flags/australia.svg",
        "link": "/study-in-australia",
        "name": "Australia",
        "image": "https://images.unsplash.com/photo-1506973035872-a4f23e576c59?q=80&w=1200&auto=format&fit=crop",
        "category": "education",
        "description": "High-quality education with excellent post-study work rights."
      },
      {
        "id": "australia-immigration",
        "flag": "/flags/australia.svg",
        "link": "/australia-pr",
        "name": "Australia",
        "image": "https://images.unsplash.com/photo-1528072164453-f4e8ef0d475a?q=80&w=1200&auto=format&fit=crop",
        "category": "immigration",
        "description": "Points-based immigration with strong demand occupations."
      },
      {
        "id": "canada-immigration",
        "flag": "/flags/canada.svg",
        "link": "/canada-pr",
        "name": "Canada",
        "image": "https://images.unsplash.com/photo-1517935706615-2717063c2225?q=80&w=1200&auto=format&fit=crop",
        "category": "immigration",
        "description": "Fast-track permanent residency programs via Express Entry."
      },
      {
        "id": "germany-immigration",
        "flag": "/flags/germany.svg",
        "link": "/germany-blue-card",
        "name": "Germany",
        "image": "https://images.unsplash.com/photo-1528728329032-2972f65dfb3f?q=80&w=1200&auto=format&fit=crop",
        "category": "immigration",
        "description": "EU residency through the Germany Blue Card program."
      },
      {
        "id": "newzealand-immigration",
        "flag": "/flags/newzealand.svg",
        "link": "/new-zealand-pr",
        "name": "New Zealand",
        "image": "https://images.unsplash.com/photo-1502786129293-79981df4e689?q=80&w=1200&auto=format&fit=crop",
        "category": "immigration",
        "description": "Skilled migration with high quality of life."
      },
      {
        "id": "uk-immigration",
        "flag": "/flags/uk.svg",
        "link": "/uk-skilled-worker",
        "name": "United Kingdom",
        "image": "https://images.unsplash.com/photo-1513635269975-59663e0ac1ad?q=80&w=1200&auto=format&fit=crop",
        "category": "immigration",
        "description": "Skilled worker visas and settlement pathways."
      },
      {
        "id": "usa-business",
        "flag": "/flags/usa.svg",
        "link": "/business-in-usa",
        "name": "United States",
        "image": "https://images.unsplash.com/photo-1508433957232-3107f5fd5995?q=80&w=1200&auto=format&fit=crop",
        "category": "business",
        "description": "LLC setup, investor visas, and large-scale business expansion."
      },
      {
        "id": "uae-business",
        "flag": "/flags/uae.svg",
        "link": "/business-in-uae",
        "name": "UAE",
        "image": "https://images.unsplash.com/photo-1518684079-3c830dcef090?q=80&w=1200&auto=format&fit=crop",
        "category": "business",
        "description": "Zero-tax free zones with fast company formation."
      },
      {
        "id": "singapore-business",
        "flag": "/flags/singapore.svg",
        "link": "/business-in-singapore",
        "name": "Singapore",
        "image": "https://images.unsplash.com/photo-1525625293386-3f8f99389edd?q=80&w=1200&auto=format&fit=crop",
        "category": "business",
        "description": "Asia’s most business-friendly ecosystem."
      },
      {
        "id": "uk-business",
        "flag": "/flags/uk.svg",
        "link": "/business-in-uk",
        "name": "United Kingdom",
        "image": "https://images.unsplash.com/photo-1488747279002-c8523379faaa?q=80&w=1200&auto=format&fit=crop",
        "category": "business",
        "description": "Global finance hub with strong startup ecosystem."
      },
      {
        "id": "germany-business",
        "flag": "/flags/germany.svg",
        "link": "/business-in-germany",
        "name": "Germany",
        "image": "https://images.unsplash.com/photo-1501959915551-4e8a04a33d8c?q=80&w=1200&auto=format&fit=crop",
        "category": "business",
        "description": "Europe’s industrial powerhouse with startup incentives."
      }
    ],
    "content_type": "list",
    "page": "home",
    "locale": "en",
    "is_published": true,
    "order": 41,
    "updated_at": "2026-01-06T03:03:29.562Z"
  }
},
{
  "model": "content.content",
  "pk": 26,
  "fields": {
    "key": "about.images",
    "value": [
      {
        "alt": "Immigration consultation",
        "src": "https://migrationreviews.com/1123/wp-content/uploads/2022/02/about-1.jpg"
      },
      {
        "alt": "Client consultation",
        "src": "https://migrationreviews.com/1123/wp-content/uploads/2022/02/about-2.jpg"
      },
      {
        "alt": "Immigration services",
        "src": "https://migrationreviews.com/1123/wp-content/uploads/2022/02/about-3.jpg"
      }
    ],
    "content_type": "image",
    "page": "about",
    "locale": "en",
    "is_published": true,
    "order": 20,
    "updated_at": "2026-01-06T09:45:22.563Z"
  }
},
{
  "model": "content.content",
  "pk": 27,
  "fields": {
    "key": "about.experience",
    "value": {
      "label": "Years of Experience",
      "years": 14
    },
    "content_type": "object",
    "page": "about",
    "locale": "en",
    "is_published": true,
    "order": 21,
    "updated_at": "2026-01-06T09:47:18.553Z"
  }
},
{
  "model": "content.content",
  "pk": 28,
  "fields": {
    "key": "about.header",
    "value": {
      "title": "Trusted Immigration Consulting Experts",
      "eyebrow": "About Immigo"
    },
    "content_type": "object",
    "page": "about",
    "locale": "en",
    "is_published": true,
    "order": 22,
    "updated_at": "2026-01-06T09:47:55.686Z"
  }
},
{
  "model": "content.content",
  "pk": 29,
  "fields": {
    "key": "about.highlight",
    "value": {
      "icon": "https://migrationreviews.com/1123/wp-content/themes/immigo/assets/images/icons/icon-4.png",
      "title": "Immigration Consultant Agency",
      "eyebrow": "U.S. Based"
    },
    "content_type": "object",
    "page": "about",
    "locale": "en",
    "is_published": true,
    "order": 0,
    "updated_at": "2026-01-06T09:48:36.083Z"
  }
},
{
  "model": "content.content",
  "pk": 30,
  "fields": {
    "key": "about.description",
    "value": "All this mistaken idea of denouncing pleasure and praising pain was born and will give you a complete account of the system, expound the actual teachings of the great explorer of the truth, and the master-builder of human happiness.",
    "content_type": "text",
    "page": "about",
    "locale": "en",
    "is_published": true,
    "order": 23,
    "updated_at": "2026-01-06T09:49:32.986Z"
  }
},
{
  "model": "content.content",
  "pk": 31,
  "fields": {
    "key": "about.cta",
    "value": {
      "href": "/about",
      "label": "Learn More"
    },
    "content_type": "object",
    "page": "about",
    "locale": "en",
    "is_published": true,
    "order": 24,
    "updated_at": "2026-01-06T09:50:29.184Z"
  }
},
{
  "model": "content.content",
  "pk": 32,
  "fields": {
    "key": "whyChoose.header",
    "value": {
      "title": "Reason for Choosing Us",
      "eyebrow": "Why Choose Us",
      "description": "Denouncing pleasure and praising pain was born and will give you completed great explorer of the truth the master-builder."
    },
    "content_type": "object",
    "page": "about",
    "locale": "en",
    "is_published": true,
    "order": 30,
    "updated_at": "2026-01-06T09:57:36.003Z"
  }
},
{
  "model": "content.content",
  "pk": 33,
  "fields": {
    "key": "whyChoose.items",
    "value": [
      {
        "icon": "https://fastwpdemo.com/newwp/immigo/wp-content/uploads/2022/03/job-interview-1.svg",
        "title": "Direct Interviews",
        "description": "Nullam nec risus elementum augue molestie gravida."
      },
      {
        "icon": "https://fastwpdemo.com/newwp/immigo/wp-content/uploads/2022/03/receipt-1.svg",
        "title": "Cost-Effective",
        "description": "The same as saying shrinking from we like every best."
      },
      {
        "icon": "https://fastwpdemo.com/newwp/immigo/wp-content/uploads/2022/03/worldwide-1.svg",
        "title": "Faster Processing",
        "description": "Donec sed semper urna. Quisque accumsan sem mattis."
      },
      {
        "icon": "https://fastwpdemo.com/newwp/immigo/wp-content/uploads/2022/03/high-five-1.svg",
        "title": "Trusted by Clients",
        "description": "Give you a completed account the expound the teachings."
      },
      {
        "icon": "https://fastwpdemo.com/newwp/immigo/wp-content/uploads/2022/03/video-call-1.svg",
        "title": "Visa Assistance",
        "description": "Proin dignissim scelerisque ante, vel malesuada eros laoreet a."
      },
      {
        "icon": "https://fastwpdemo.com/newwp/immigo/wp-content/uploads/2022/03/support-1.svg",
        "title": "24/7 Support",
        "description": "Expound actual teachings too the great explorers truth."
      }
    ],
    "content_type": "list",
    "page": "about",
    "locale": "en",
    "is_published": true,
    "order": 0,
    "updated_at": "2026-01-06T09:58:06.082Z"
  }
},
{
  "model": "content.content",
  "pk": 34,
  "fields": {
    "key": "whyChoose.image",
    "value": {
      "alt": "Consultation with visa experts",
      "src": "https://picsum.photos/600/800"
    },
    "content_type": "object",
    "page": "about",
    "locale": "en",
    "is_published": true,
    "order": 0,
    "updated_at": "2026-01-06T10:00:07.420Z"
  }
},
{
  "model": "content.content",
  "pk": 35,
  "fields": {
    "key": "reviews.header",
    "value": {
      "title": "Top Reviewed Companies",
      "eyebrow": "Trusted Reviews"
    },
    "content_type": "object",
    "page": "home",
    "locale": "en",
    "is_published": true,
    "order": 0,
    "updated_at": "2026-01-06T12:01:46.075Z"
  }
},
{
  "model": "company.companycategory",
  "pk": 1,
  "fields": {
    "name": "Technology",
    "slug": "technology"
  }
},
{
  "model": "company.companycategory",
  "pk": 2,
  "fields": {
    "name": "Finance",
    "slug": "finance"
  }
},
{
  "model": "company.companycategory",
  "pk": 3,
  "fields": {
    "name": "E-Commerce",
    "slug": "ecommerce"
  }
},
{
  "model": "company.companycategory",
  "pk": 4,
  "fields": {
    "name": "Education",
    "slug": "education"
  }
},
{
  "model": "company.company",
  "pk": 1,
  "fields": {
    "address_line_1": "",
    "address_line_2": "",
    "city": "",
    "state": "",
    "postal_code": "",
    "country": "",
    "phone": "",
    "email": "",
    "owner": null,
    "name": "Google",
    "slug": "google",
    "tagline": "Organizing the world's information",
    "description": "Global technology company specializing in internet services.",
    "logo": "",
    "cover_image": "",
    "website": "https://google.com",
    "category": 1,
    "rating_average": "0.00",
    "rating_count": 0,
    "is_verified": true,
    "is_active": true,
    "meta_title": "",
    "meta_description": "",
    "created_at": "2025-12-31T13:59:03.451Z",
    "updated_at": "2025-12-31T13:59:03.451Z",
    "search_vector": "'compani':4B 'global':2B 'googl':1A 'internet':7B 'servic':8B 'special':5B 'technolog':3B"
  }
},
{
  "model": "company.company",
  "pk": 2,
  "fields": {
    "address_line_1": "",
    "address_line_2": "",
    "city": "",
    "state": "",
    "postal_code": "",
    "country": "",
    "phone": "",
    "email": "",
    "owner": null,
    "name": "Amazon",
    "slug": "amazon",
    "tagline": "Everything you need, delivered",
    "description": "E-commerce and cloud computing giant.",
    "logo": "",
    "cover_image": "",
    "website": "https://amazon.com",
    "category": 3,
    "rating_average": "0.00",
    "rating_count": 0,
    "is_verified": true,
    "is_active": true,
    "meta_title": "",
    "meta_description": "",
    "created_at": "2025-12-31T13:59:03.452Z",
    "updated_at": "2025-12-31T13:59:03.452Z",
    "search_vector": "'amazon':1A 'cloud':6B 'commerc':4B 'comput':7B 'e':3B 'e-commerc':2B 'giant':8B"
  }
},
{
  "model": "company.company",
  "pk": 3,
  "fields": {
    "address_line_1": "",
    "address_line_2": "",
    "city": "",
    "state": "",
    "postal_code": "",
    "country": "",
    "phone": "",
    "email": "",
    "owner": null,
    "name": "Microsoft",
    "slug": "microsoft",
    "tagline": "Empowering every person",
    "description": "Software, cloud, and enterprise services company.",
    "logo": "",
    "cover_image": "",
    "website": "https://microsoft.com",
    "category": 1,
    "rating_average": "0.00",
    "rating_count": 0,
    "is_verified": true,
    "is_active": true,
    "meta_title": "",
    "meta_description": "",
    "created_at": "2025-12-31T13:59:03.452Z",
    "updated_at": "2025-12-31T13:59:03.452Z",
    "search_vector": "'cloud':3B 'compani':7B 'enterpris':5B 'microsoft':1A 'servic':6B 'softwar':2B"
  }
},
{
  "model": "company.company",
  "pk": 4,
  "fields": {
    "address_line_1": "",
    "address_line_2": "",
    "city": "",
    "state": "",
    "postal_code": "",
    "country": "",
    "phone": "",
    "email": "",
    "owner": null,
    "name": "PayPal",
    "slug": "paypal",
    "tagline": "The safer way to pay",
    "description": "Online payments and financial services platform.",
    "logo": "",
    "cover_image": "",
    "website": "https://paypal.com",
    "category": 2,
    "rating_average": "3.92",
    "rating_count": 8234,
    "is_verified": true,
    "is_active": true,
    "meta_title": "",
    "meta_description": "",
    "created_at": "2025-12-31T13:59:03.452Z",
    "updated_at": "2025-12-31T13:59:03.452Z",
    "search_vector": "'financi':5B 'onlin':2B 'payment':3B 'paypal':1A 'platform':7B 'servic':6B"
  }
},
{
  "model": "company.company",
  "pk": 5,
  "fields": {
    "address_line_1": "",
    "address_line_2": "",
    "city": "",
    "state": "",
    "postal_code": "",
    "country": "",
    "phone": "",
    "email": "",
    "owner": null,
    "name": "Stripe",
    "slug": "stripe",
    "tagline": "Payments infrastructure for the internet",
    "description": "Online payment processing platform.",
    "logo": "",
    "cover_image": "",
    "website": "https://stripe.com",
    "category": 2,
    "rating_average": "0.00",
    "rating_count": 0,
    "is_verified": true,
    "is_active": true,
    "meta_title": "",
    "meta_description": "",
    "created_at": "2025-12-31T13:59:03.453Z",
    "updated_at": "2025-12-31T13:59:03.453Z",
    "search_vector": "'onlin':2B 'payment':3B 'platform':5B 'process':4B 'stripe':1A"
  }
},
{
  "model": "company.company",
  "pk": 6,
  "fields": {
    "address_line_1": "",
    "address_line_2": "",
    "city": "",
    "state": "",
    "postal_code": "",
    "country": "",
    "phone": "",
    "email": "",
    "owner": null,
    "name": "Flipkart",
    "slug": "flipkart",
    "tagline": "India's leading e-commerce marketplace",
    "description": "Major Indian e-commerce platform.",
    "logo": "",
    "cover_image": "",
    "website": "https://flipkart.com",
    "category": 3,
    "rating_average": "3.88",
    "rating_count": 11932,
    "is_verified": true,
    "is_active": true,
    "meta_title": "",
    "meta_description": "",
    "created_at": "2025-12-31T13:59:03.453Z",
    "updated_at": "2025-12-31T13:59:03.453Z",
    "search_vector": "'commerc':6B 'e':5B 'e-commerc':4B 'flipkart':1A 'indian':3B 'major':2B 'platform':7B"
  }
},
{
  "model": "company.company",
  "pk": 7,
  "fields": {
    "address_line_1": "",
    "address_line_2": "",
    "city": "",
    "state": "",
    "postal_code": "",
    "country": "",
    "phone": "",
    "email": "",
    "owner": null,
    "name": "Coursera",
    "slug": "coursera",
    "tagline": "Learn without limits",
    "description": "Online learning platform.",
    "logo": "",
    "cover_image": "",
    "website": "https://coursera.org",
    "category": 4,
    "rating_average": "0.00",
    "rating_count": 0,
    "is_verified": true,
    "is_active": true,
    "meta_title": "",
    "meta_description": "",
    "created_at": "2025-12-31T13:59:03.453Z",
    "updated_at": "2025-12-31T13:59:03.453Z",
    "search_vector": "'coursera':1A 'learn':3B 'onlin':2B 'platform':4B"
  }
},
{
  "model": "company.company",
  "pk": 8,
  "fields": {
    "address_line_1": "",
    "address_line_2": "",
    "city": "",
    "state": "",
    "postal_code": "",
    "country": "",
    "phone": "",
    "email": "",
    "owner": null,
    "name": "Udemy",
    "slug": "udemy",
    "tagline": "Learn anything",
    "description": "Online course marketplace.",
    "logo": "",
    "cover_image": "",
    "website": "https://udemy.com",
    "category": 4,
    "rating_average": "0.00",
    "rating_count": 0,
    "is_verified": true,
    "is_active": true,
    "meta_title": "",
    "meta_description": "",
    "created_at": "2025-12-31T13:59:03.454Z",
    "updated_at": "2025-12-31T13:59:03.454Z",
    "search_vector": "'cours':3B 'marketplac':4B 'onlin':2B 'udemi':1A"
  }
},
{
  "model": "company.company",
  "pk": 9,
  "fields": {
    "address_line_1": "",
    "address_line_2": "",
    "city": "",
    "state": "",
    "postal_code": "",
    "country": "",
    "phone": "",
    "email": "",
    "owner": null,
    "name": "Zoho",
    "slug": "zoho",
    "tagline": "Business software for everyone",
    "description": "SaaS company providing business tools.",
    "logo": "",
    "cover_image": "",
    "website": "https://zoho.com",
    "category": 1,
    "rating_average": "4.34",
    "rating_count": 4321,
    "is_verified": true,
    "is_active": true,
    "meta_title": "",
    "meta_description": "",
    "created_at": "2025-12-31T13:59:03.454Z",
    "updated_at": "2025-12-31T13:59:03.454Z",
    "search_vector": "'busi':5B 'compani':3B 'provid':4B 'saa':2B 'tool':6B 'zoho':1A"
  }
},
{
  "model": "company.company",
  "pk": 10,
  "fields": {
    "address_line_1": "",
    "address_line_2": "",
    "city": "",
    "state": "",
    "postal_code": "",
    "country": "",
    "phone": "",
    "email": "",
    "owner": null,
    "name": "Infosys",
    "slug": "infosys",
    "tagline": "Navigate your next",
    "description": "Global IT consulting company.",
    "logo": "",
    "cover_image": "",
    "website": "https://infosys.com",
    "category": 1,
    "rating_average": "3.76",
    "rating_count": 9321,
    "is_verified": true,
    "is_active": true,
    "meta_title": "",
    "meta_description": "",
    "created_at": "2025-12-31T13:59:03.454Z",
    "updated_at": "2025-12-31T13:59:03.454Z",
    "search_vector": "'compani':5B 'consult':4B 'global':2B 'infosi':1A"
  }
},
{
  "model": "company.company",
  "pk": 11,
  "fields": {
    "address_line_1": "",
    "address_line_2": "",
    "city": "",
    "state": "",
    "postal_code": "",
    "country": "",
    "phone": "",
    "email": "",
    "owner": null,
    "name": "Swiggy",
    "slug": "swiggy",
    "tagline": "Food delivered fast",
    "description": "Food delivery platform.",
    "logo": "",
    "cover_image": "",
    "website": "https://swiggy.com",
    "category": 3,
    "rating_average": "3.94",
    "rating_count": 18231,
    "is_verified": true,
    "is_active": true,
    "meta_title": "",
    "meta_description": "",
    "created_at": "2025-12-31T13:59:03.454Z",
    "updated_at": "2025-12-31T13:59:03.454Z",
    "search_vector": "'deliveri':3B 'food':2B 'platform':4B 'swiggi':1A"
  }
},
{
  "model": "company.company",
  "pk": 12,
  "fields": {
    "address_line_1": "",
    "address_line_2": "",
    "city": "",
    "state": "",
    "postal_code": "",
    "country": "",
    "phone": "",
    "email": "",
    "owner": null,
    "name": "Zomato",
    "slug": "zomato",
    "tagline": "Discover great food",
    "description": "Restaurant discovery and delivery.",
    "logo": "",
    "cover_image": "",
    "website": "https://zomato.com",
    "category": 3,
    "rating_average": "4.01",
    "rating_count": 16543,
    "is_verified": true,
    "is_active": true,
    "meta_title": "",
    "meta_description": "",
    "created_at": "2025-12-31T13:59:03.455Z",
    "updated_at": "2025-12-31T13:59:03.455Z",
    "search_vector": "'deliveri':5B 'discoveri':3B 'restaur':2B 'zomato':1A"
  }
},
{
  "model": "company.company",
  "pk": 13,
  "fields": {
    "address_line_1": "",
    "address_line_2": "",
    "city": "",
    "state": "",
    "postal_code": "",
    "country": "",
    "phone": "",
    "email": "",
    "owner": null,
    "name": "HDFC Bank",
    "slug": "hdfc-bank",
    "tagline": "India's leading private bank",
    "description": "Major Indian banking institution.",
    "logo": "",
    "cover_image": "",
    "website": "https://hdfcbank.com",
    "category": 2,
    "rating_average": "3.68",
    "rating_count": 7421,
    "is_verified": true,
    "is_active": true,
    "meta_title": "",
    "meta_description": "",
    "created_at": "2025-12-31T13:59:03.455Z",
    "updated_at": "2025-12-31T13:59:03.455Z",
    "search_vector": "'bank':2A,5B 'hdfc':1A 'indian':4B 'institut':6B 'major':3B"
  }
},
{
  "model": "company.company",
  "pk": 14,
  "fields": {
    "address_line_1": "",
    "address_line_2": "",
    "city": "",
    "state": "",
    "postal_code": "",
    "country": "",
    "phone": "",
    "email": "",
    "owner": null,
    "name": "ICICI Bank",
    "slug": "icici-bank",
    "tagline": "Trusted banking partner",
    "description": "Private sector bank in India.",
    "logo": "",
    "cover_image": "",
    "website": "https://icicibank.com",
    "category": 2,
    "rating_average": "3.74",
    "rating_count": 6892,
    "is_verified": true,
    "is_active": true,
    "meta_title": "",
    "meta_description": "",
    "created_at": "2025-12-31T13:59:03.455Z",
    "updated_at": "2025-12-31T13:59:03.455Z",
    "search_vector": "'bank':2A,5B 'icici':1A 'india':7B 'privat':3B 'sector':4B"
  }
},
{
  "model": "company.company",
  "pk": 15,
  "fields": {
    "address_line_1": "",
    "address_line_2": "",
    "city": "",
    "state": "",
    "postal_code": "",
    "country": "",
    "phone": "",
    "email": "",
    "owner": null,
    "name": "Byju's",
    "slug": "byjus",
    "tagline": "Learning made easy",
    "description": "Ed-tech learning platform.",
    "logo": "",
    "cover_image": "",
    "website": "https://byjus.com",
    "category": 4,
    "rating_average": "0.00",
    "rating_count": 0,
    "is_verified": false,
    "is_active": true,
    "meta_title": "",
    "meta_description": "",
    "created_at": "2025-12-31T13:59:03.456Z",
    "updated_at": "2025-12-31T13:59:03.456Z",
    "search_vector": "'byju':1A 'ed':3B 'ed-tech':2B 'learn':5B 'platform':6B 'tech':4B"
  }
},
{
  "model": "company.company",
  "pk": 16,
  "fields": {
    "address_line_1": "",
    "address_line_2": "",
    "city": "",
    "state": "",
    "postal_code": "",
    "country": "",
    "phone": "",
    "email": "",
    "owner": null,
    "name": "Spotify",
    "slug": "spotify",
    "tagline": "Music for everyone",
    "description": "Music streaming service.",
    "logo": "",
    "cover_image": "",
    "website": "https://spotify.com",
    "category": 1,
    "rating_average": "0.00",
    "rating_count": 0,
    "is_verified": true,
    "is_active": true,
    "meta_title": "",
    "meta_description": "",
    "created_at": "2025-12-31T13:59:03.456Z",
    "updated_at": "2025-12-31T13:59:03.456Z",
    "search_vector": "'music':2B 'servic':4B 'spotifi':1A 'stream':3B"
  }
},
{
  "model": "company.company",
  "pk": 17,
  "fields": {
    "address_line_1": "",
    "address_line_2": "",
    "city": "",
    "state": "",
    "postal_code": "",
    "country": "",
    "phone": "",
    "email": "",
    "owner": null,
    "name": "Netflix",
    "slug": "netflix",
    "tagline": "Watch anywhere",
    "description": "Streaming entertainment platform.",
    "logo": "",
    "cover_image": "",
    "website": "https://netflix.com",
    "category": 1,
    "rating_average": "4.44",
    "rating_count": 30123,
    "is_verified": true,
    "is_active": true,
    "meta_title": "",
    "meta_description": "",
    "created_at": "2025-12-31T13:59:03.456Z",
    "updated_at": "2025-12-31T13:59:03.456Z",
    "search_vector": "'entertain':3B 'netflix':1A 'platform':4B 'stream':2B"
  }
},
{
  "model": "company.company",
  "pk": 18,
  "fields": {
    "address_line_1": "",
    "address_line_2": "",
    "city": "",
    "state": "",
    "postal_code": "",
    "country": "",
    "phone": "",
    "email": "",
    "owner": null,
    "name": "Airbnb",
    "slug": "airbnb",
    "tagline": "Belong anywhere",
    "description": "Short-term rental platform.",
    "logo": "",
    "cover_image": "",
    "website": "https://airbnb.com",
    "category": 3,
    "rating_average": "4.28",
    "rating_count": 17432,
    "is_verified": true,
    "is_active": true,
    "meta_title": "",
    "meta_description": "",
    "created_at": "2025-12-31T13:59:03.456Z",
    "updated_at": "2025-12-31T13:59:03.456Z",
    "search_vector": "'airbnb':1A 'platform':6B 'rental':5B 'short':3B 'short-term':2B 'term':4B"
  }
},
{
  "model": "company.company",
  "pk": 19,
  "fields": {
    "address_line_1": "",
    "address_line_2": "",
    "city": "",
    "state": "",
    "postal_code": "",
    "country": "",
    "phone": "",
    "email": "",
    "owner": null,
    "name": "Uber",
    "slug": "uber",
    "tagline": "Move the way you want",
    "description": "Ride-sharing and mobility platform.",
    "logo": "",
    "cover_image": "",
    "website": "https://uber.com",
    "category": 3,
    "rating_average": "3.59",
    "rating_count": 22314,
    "is_verified": true,
    "is_active": true,
    "meta_title": "",
    "meta_description": "",
    "created_at": "2025-12-31T13:59:03.457Z",
    "updated_at": "2025-12-31T13:59:03.457Z",
    "search_vector": "'mobil':6B 'platform':7B 'ride':3B 'ride-shar':2B 'share':4B 'uber':1A"
  }
},
{
  "model": "company.company",
  "pk": 20,
  "fields": {
    "address_line_1": "",
    "address_line_2": "",
    "city": "",
    "state": "",
    "postal_code": "",
    "country": "",
    "phone": "",
    "email": "",
    "owner": null,
    "name": "Adobe",
    "slug": "adobe",
    "tagline": "Creativity for all",
    "description": "Creative software company.",
    "logo": "",
    "cover_image": "",
    "website": "https://adobe.com",
    "category": 1,
    "rating_average": "0.00",
    "rating_count": 0,
    "is_verified": true,
    "is_active": true,
    "meta_title": "",
    "meta_description": "",
    "created_at": "2025-12-31T13:59:03.457Z",
    "updated_at": "2025-12-31T13:59:03.457Z",
    "search_vector": "'adob':1A 'compani':4B 'creativ':2B 'softwar':3B"
  }
},
{
  "model": "company.company",
  "pk": 21,
  "fields": {
    "address_line_1": "",
    "address_line_2": "",
    "city": "",
    "state": "",
    "postal_code": "",
    "country": "",
    "phone": "",
    "email": "",
    "owner": 1,
    "name": "Dselva pvt",
    "slug": "dselva-pvt",
    "tagline": "this is best company",
    "description": "this is best company",
    "logo": "companies/logos/ignite_logo_croped.jpeg",
    "cover_image": "companies/covers/Screenshot_from_2025-08-04_20-57-20.png",
    "website": "https://dselva.com",
    "category": 2,
    "rating_average": "5.00",
    "rating_count": 11,
    "is_verified": true,
    "is_active": true,
    "meta_title": "",
    "meta_description": "",
    "created_at": "2026-01-02T03:09:00.441Z",
    "updated_at": "2026-01-07T06:02:55.170Z",
    "search_vector": "'best':5A,9B 'compani':6A,10B 'dselva':1A 'pvt':2A"
  }
},
{
  "model": "company.company",
  "pk": 29,
  "fields": {
    "address_line_1": "3rd Floor, Orion Business Park",
    "address_line_2": "Near Central Mall, MG Road",
    "city": "mumbai",
    "state": "maharashtra",
    "postal_code": "400017",
    "country": "India",
    "phone": "8041234567",
    "email": "contact@blueorbittech.com",
    "owner": 2,
    "name": "BlueOrbit Technologies Pvt. Ltd.",
    "slug": "blueorbit-technologies-pvt-ltd",
    "tagline": "Building simple solutions for complex problems",
    "description": "BlueOrbit Technologies is a software company specializing in web and cloud-based solutions for small and medium-sized businesses. We focus on reliability, scalability, and user-friendly design.",
    "logo": "companies/logos/company_logo2.webp",
    "cover_image": "",
    "website": "https://www.blueorbittech.com",
    "category": null,
    "rating_average": "5.00",
    "rating_count": 3,
    "is_verified": true,
    "is_active": true,
    "meta_title": "",
    "meta_description": "",
    "created_at": "2026-01-05T10:52:39.896Z",
    "updated_at": "2026-01-06T15:04:42.486Z",
    "search_vector": "'3rd':42C '400017':54 'base':23B 'blueorbit':1A,11B 'build':5A 'busi':31B,45C 'central':48C 'cloud':22B 'cloud-bas':21B 'compani':16B 'complex':9A 'design':41B 'floor':43C 'focus':33B 'friend':40B 'india':55B 'ltd':4A 'maharashtra':53C 'mall':49C 'medium':29B 'medium-s':28B 'mg':50C 'mumbai':52B 'near':47C 'orion':44C 'park':46C 'problem':10A 'pvt':3A 'reliabl':35B 'road':51C 'scalabl':36B 'simpl':6A 'size':30B 'small':26B 'softwar':15B 'solut':7A,24B 'special':17B 'technolog':2A,12B 'user':39B 'user-friend':38B 'web':19B"
  }
},
{
  "model": "company.companyonboardingrequest",
  "pk": 3,
  "fields": {
    "user": 1,
    "request_type": "NEW",
    "company": null,
    "company_name": "Dselva pvt",
    "tagline": "this is best company",
    "description": "this is best company",
    "website": "https://dselva.com",
    "status": "APPROVED",
    "reviewed_by": 1,
    "reviewed_at": "2026-01-02T03:09:00.449Z",
    "created_at": "2026-01-02T03:08:48.155Z",
    "address_line_1": "",
    "address_line_2": "",
    "city": "",
    "state": "",
    "postal_code": "",
    "country": "",
    "phone": "",
    "email": ""
  }
},
{
  "model": "company.companyonboardingrequest",
  "pk": 4,
  "fields": {
    "user": 1,
    "request_type": "EXISTING",
    "company": 21,
    "company_name": "",
    "tagline": "",
    "description": "",
    "website": "",
    "status": "APPROVED",
    "reviewed_by": null,
    "reviewed_at": null,
    "created_at": "2026-01-02T03:34:06.555Z",
    "address_line_1": "",
    "address_line_2": "",
    "city": "",
    "state": "",
    "postal_code": "",
    "country": "",
    "phone": "",
    "email": ""
  }
},
{
  "model": "company.companyonboardingrequest",
  "pk": 5,
  "fields": {
    "user": 2,
    "request_type": "NEW",
    "company": 29,
    "company_name": "BlueOrbit Technologies Pvt. Ltd.",
    "tagline": "Building simple solutions for complex problems",
    "description": "BlueOrbit Technologies is a software company specializing in web and cloud-based solutions for small and medium-sized businesses. We focus on reliability, scalability, and user-friendly design.",
    "website": "https://www.blueorbittech.com",
    "status": "APPROVED",
    "reviewed_by": 1,
    "reviewed_at": "2026-01-05T10:52:39.900Z",
    "created_at": "2026-01-05T09:25:02.146Z",
    "address_line_1": "3rd Floor, Orion Business Park",
    "address_line_2": "Near Central Mall, MG Road",
    "city": "mumbai",
    "state": "maharashtra",
    "postal_code": "400017",
    "country": "India",
    "phone": "8041234567",
    "email": "contact@blueorbittech.com"
  }
},
{
  "model": "company.companyonboardingrequest",
  "pk": 6,
  "fields": {
    "user": 2,
    "request_type": "NEW",
    "company": null,
    "company_name": "random company",
    "tagline": "random company tag that is to fill space",
    "description": "random company tag that is to fill space",
    "website": "https://www.noreply.com",
    "status": "PENDING",
    "reviewed_by": null,
    "reviewed_at": null,
    "created_at": "2026-01-05T09:47:01.686Z",
    "address_line_1": "room no 205, A wing,Shastri Nagar CHS",
    "address_line_2": "Shastri Nagar, ltd, Dharavi, Mumbai, Maharashtra 400017",
    "city": "mumbai",
    "state": "maharashtra",
    "postal_code": "400017",
    "country": "India",
    "phone": "3928392893",
    "email": "noreply@gmail.com"
  }
},
{
  "model": "company.companymembership",
  "pk": 1,
  "fields": {
    "user": 1,
    "company": 21,
    "role": "OWNER",
    "status": "ACTIVE",
    "created_at": "2026-01-02T03:09:00.447Z"
  }
},
{
  "model": "company.companymembership",
  "pk": 3,
  "fields": {
    "user": 2,
    "company": 29,
    "role": "OWNER",
    "status": "ACTIVE",
    "created_at": "2026-01-05T10:52:39.900Z"
  }
},
{
  "model": "review.review",
  "pk": 43,
  "fields": {
    "moderation_status": "approved",
    "content_type": 11,
    "object_id": 21,
    "rating": 5,
    "title": "",
    "body": "they are the best",
    "author_name": "dselva",
    "author_email": "dselvajagan@gmail.com",
    "is_verified": true,
    "ip_address": "192.168.1.113",
    "user_agent": "Mozilla/5.0 (X11; Linux x86_64) AppleWebKit/537.36 (KHTML, like Gecko) Chrome/143.0.0.0 Safari/537.36",
    "created_at": "2026-01-02T13:11:11.522Z",
    "updated_at": "2026-01-07T06:01:39.053Z",
    "user": 1,
    "search_vector": "'best':4B 'dselva':5C"
  }
},
{
  "model": "review.review",
  "pk": 54,
  "fields": {
    "moderation_status": "rejected",
    "content_type": 11,
    "object_id": 21,
    "rating": 5,
    "title": "",
    "body": "this is testing",
    "author_name": "dselva",
    "author_email": "dselvajagan@gmail.com",
    "is_verified": true,
    "ip_address": "192.168.1.113",
    "user_agent": "Mozilla/5.0 (X11; Linux x86_64) AppleWebKit/537.36 (KHTML, like Gecko) Chrome/143.0.0.0 Safari/537.36",
    "created_at": "2026-01-03T02:43:07.523Z",
    "updated_at": "2026-01-07T05:11:38.709Z",
    "user": 1,
    "search_vector": "'dselva':4C 'test':3B"
  }
},
{
  "model": "review.review",
  "pk": 55,
  "fields": {
    "moderation_status": "approved",
    "content_type": 11,
    "object_id": 21,
    "rating": 5,
    "title": "",
    "body": "the is new review",
    "author_name": "dselva",
    "author_email": "dselvajagan@gmail.com",
    "is_verified": true,
    "ip_address": "192.168.1.113",
    "user_agent": "Mozilla/5.0 (X11; Linux x86_64) AppleWebKit/537.36 (KHTML, like Gecko) Chrome/143.0.0.0 Safari/537.36",
    "created_at": "2026-01-03T02:55:18.808Z",
    "updated_at": "2026-01-07T05:32:55.579Z",
    "user": 1,
    "search_vector": "'dselva':5C 'new':3B 'review':4B"
  }
},
{
  "model": "review.review",
  "pk": 56,
  "fields": {
    "moderation_status": "approved",
    "content_type": 11,
    "object_id": 21,
    "rating": 5,
    "title": "",
    "body": "testing the fetchall",
    "author_name": "dselva",
    "author_email": "dselvajagan@gmail.com",
    "is_verified": true,
    "ip_address": "192.168.1.113",
    "user_agent": "Mozilla/5.0 (X11; Linux x86_64) AppleWebKit/537.36 (KHTML, like Gecko) Chrome/143.0.0.0 Safari/537.36",
    "created_at": "2026-01-03T02:56:55.041Z",
    "updated_at": "2026-01-07T05:32:56.843Z",
    "user": 1,
    "search_vector": "'dselva':4C 'fetchal':3B 'test':1B"
  }
},
{
  "model": "review.review",
  "pk": 58,
  "fields": {
    "moderation_status": "approved",
    "content_type": 11,
    "object_id": 21,
    "rating": 5,
    "title": "",
    "body": "this is a review from customer",
    "author_name": "dselva2005",
    "author_email": "nadardselva@gmail.com",
    "is_verified": true,
    "ip_address": "192.168.1.113",
    "user_agent": "Mozilla/5.0 (X11; Linux x86_64) AppleWebKit/537.36 (KHTML, like Gecko) Chrome/143.0.0.0 Safari/537.36",
    "created_at": "2026-01-03T10:16:42.951Z",
    "updated_at": "2026-01-07T05:32:58.350Z",
    "user": 2,
    "search_vector": "'custom':6B 'dselva2005':7C 'review':4B"
  }
},
{
  "model": "review.review",
  "pk": 59,
  "fields": {
    "moderation_status": "pending",
    "content_type": 19,
    "object_id": 1,
    "rating": 5,
    "title": "new",
    "body": "new review",
    "author_name": "dselva2005",
    "author_email": "nadardselva@gmail.com",
    "is_verified": true,
    "ip_address": "192.168.1.113",
    "user_agent": "Mozilla/5.0 (X11; Linux x86_64) AppleWebKit/537.36 (KHTML, like Gecko) Chrome/143.0.0.0 Safari/537.36",
    "created_at": "2026-01-03T10:27:21.586Z",
    "updated_at": "2026-01-03T10:27:21.586Z",
    "user": 2,
    "search_vector": "'new':1A,2B 'review':3B"
  }
},
{
  "model": "review.review",
  "pk": 67,
  "fields": {
    "moderation_status": "approved",
    "content_type": 11,
    "object_id": 21,
    "rating": 5,
    "title": "",
    "body": "testing media upload and email for reply accepted",
    "author_name": "dselva2005",
    "author_email": "nadardselva@gmail.com",
    "is_verified": true,
    "ip_address": "172.18.0.1",
    "user_agent": "Mozilla/5.0 (X11; Linux x86_64) AppleWebKit/537.36 (KHTML, like Gecko) Chrome/143.0.0.0 Safari/537.36",
    "created_at": "2026-01-05T04:44:24.411Z",
    "updated_at": "2026-01-07T05:27:50.434Z",
    "user": 2,
    "search_vector": "'accept':8B 'dselva2005':9C 'email':5B 'media':2B 'repli':7B 'test':1B 'upload':3B"
  }
},
{
  "model": "review.review",
  "pk": 68,
  "fields": {
    "moderation_status": "approved",
    "content_type": 11,
    "object_id": 29,
    "rating": 5,
    "title": "",
    "body": "love this company",
    "author_name": "dselva",
    "author_email": "dselvajagan@gmail.com",
    "is_verified": true,
    "ip_address": "172.18.0.1",
    "user_agent": "Mozilla/5.0 (X11; Linux x86_64) AppleWebKit/537.36 (KHTML, like Gecko) Chrome/143.0.0.0 Safari/537.36",
    "created_at": "2026-01-06T15:05:35.608Z",
    "updated_at": "2026-01-07T06:03:48.683Z",
    "user": 1,
    "search_vector": "'compani':3B 'dselva':4C 'love':1B"
  }
},
{
  "model": "review.review",
  "pk": 69,
  "fields": {
    "moderation_status": "pending",
    "content_type": 11,
    "object_id": 29,
    "rating": 5,
    "title": "",
    "body": "this review is to test the toast notification",
    "author_name": "dselva",
    "author_email": "dselvajagan@gmail.com",
    "is_verified": true,
    "ip_address": "172.18.0.1",
    "user_agent": "Mozilla/5.0 (X11; Linux x86_64) AppleWebKit/537.36 (KHTML, like Gecko) Chrome/143.0.0.0 Safari/537.36",
    "created_at": "2026-01-06T15:49:51.362Z",
    "updated_at": "2026-01-06T15:49:51.362Z",
    "user": 1,
    "search_vector": "'notif':8B 'review':2B 'test':5B 'toast':7B"
  }
},
{
  "model": "review.review",
  "pk": 70,
  "fields": {
    "moderation_status": "pending",
    "content_type": 11,
    "object_id": 29,
    "rating": 5,
    "title": "",
    "body": "this is also to test the toast feature",
    "author_name": "dselva",
    "author_email": "dselvajagan@gmail.com",
    "is_verified": true,
    "ip_address": "172.18.0.1",
    "user_agent": "Mozilla/5.0 (X11; Linux x86_64) AppleWebKit/537.36 (KHTML, like Gecko) Chrome/143.0.0.0 Safari/537.36",
    "created_at": "2026-01-06T15:52:54.246Z",
    "updated_at": "2026-01-06T15:52:54.246Z",
    "user": 1,
    "search_vector": "'also':3B 'featur':8B 'test':5B 'toast':7B"
  }
},
{
  "model": "review.review",
  "pk": 71,
  "fields": {
    "moderation_status": "approved",
    "content_type": 11,
    "object_id": 21,
    "rating": 5,
    "title": "",
    "body": "length increase",
    "author_name": "dselva",
    "author_email": "dselvajagan@gmail.com",
    "is_verified": true,
    "ip_address": "172.18.0.1",
    "user_agent": "Mozilla/5.0 (X11; Linux x86_64) AppleWebKit/537.36 (KHTML, like Gecko) Chrome/143.0.0.0 Safari/537.36",
    "created_at": "2026-01-06T16:07:18.427Z",
    "updated_at": "2026-01-07T05:32:59.394Z",
    "user": 1,
    "search_vector": "'dselva':3C 'increas':2B 'length':1B"
  }
},
{
  "model": "review.review",
  "pk": 72,
  "fields": {
    "moderation_status": "approved",
    "content_type": 11,
    "object_id": 21,
    "rating": 5,
    "title": "",
    "body": "length increase",
    "author_name": "dselva",
    "author_email": "dselvajagan@gmail.com",
    "is_verified": true,
    "ip_address": "172.18.0.1",
    "user_agent": "Mozilla/5.0 (X11; Linux x86_64) AppleWebKit/537.36 (KHTML, like Gecko) Chrome/143.0.0.0 Safari/537.36",
    "created_at": "2026-01-06T16:07:21.988Z",
    "updated_at": "2026-01-07T05:33:00.508Z",
    "user": 1,
    "search_vector": "'dselva':3C 'increas':2B 'length':1B"
  }
},
{
  "model": "review.review",
  "pk": 73,
  "fields": {
    "moderation_status": "approved",
    "content_type": 11,
    "object_id": 21,
    "rating": 5,
    "title": "",
    "body": "length increase",
    "author_name": "dselva",
    "author_email": "dselvajagan@gmail.com",
    "is_verified": true,
    "ip_address": "172.18.0.1",
    "user_agent": "Mozilla/5.0 (X11; Linux x86_64) AppleWebKit/537.36 (KHTML, like Gecko) Chrome/143.0.0.0 Safari/537.36",
    "created_at": "2026-01-06T16:07:25.818Z",
    "updated_at": "2026-01-07T05:33:01.211Z",
    "user": 1,
    "search_vector": "'dselva':3C 'increas':2B 'length':1B"
  }
},
{
  "model": "review.review",
  "pk": 74,
  "fields": {
    "moderation_status": "approved",
    "content_type": 11,
    "object_id": 21,
    "rating": 5,
    "title": "",
    "body": "length increase",
    "author_name": "dselva",
    "author_email": "dselvajagan@gmail.com",
    "is_verified": true,
    "ip_address": "172.18.0.1",
    "user_agent": "Mozilla/5.0 (X11; Linux x86_64) AppleWebKit/537.36 (KHTML, like Gecko) Chrome/143.0.0.0 Safari/537.36",
    "created_at": "2026-01-06T16:07:40.326Z",
    "updated_at": "2026-01-07T05:33:02.127Z",
    "user": 1,
    "search_vector": "'dselva':3C 'increas':2B 'length':1B"
  }
},
{
  "model": "review.review",
  "pk": 75,
  "fields": {
    "moderation_status": "approved",
    "content_type": 11,
    "object_id": 21,
    "rating": 5,
    "title": "",
    "body": "length increase",
    "author_name": "dselva",
    "author_email": "dselvajagan@gmail.com",
    "is_verified": true,
    "ip_address": "172.18.0.1",
    "user_agent": "Mozilla/5.0 (X11; Linux x86_64) AppleWebKit/537.36 (KHTML, like Gecko) Chrome/143.0.0.0 Safari/537.36",
    "created_at": "2026-01-06T16:07:43.073Z",
    "updated_at": "2026-01-07T05:33:03.074Z",
    "user": 1,
    "search_vector": "'dselva':3C 'increas':2B 'length':1B"
  }
},
{
  "model": "review.review",
  "pk": 76,
  "fields": {
    "moderation_status": "approved",
    "content_type": 11,
    "object_id": 21,
    "rating": 5,
    "title": "",
    "body": "length increase",
    "author_name": "dselva",
    "author_email": "dselvajagan@gmail.com",
    "is_verified": true,
    "ip_address": "172.18.0.1",
    "user_agent": "Mozilla/5.0 (X11; Linux x86_64) AppleWebKit/537.36 (KHTML, like Gecko) Chrome/143.0.0.0 Safari/537.36",
    "created_at": "2026-01-06T16:07:56.486Z",
    "updated_at": "2026-01-07T05:33:04.472Z",
    "user": 1,
    "search_vector": "'dselva':3C 'increas':2B 'length':1B"
  }
},
{
  "model": "review.review",
  "pk": 77,
  "fields": {
    "moderation_status": "approved",
    "content_type": 11,
    "object_id": 29,
    "rating": 5,
    "title": "",
    "body": "some reveiew",
    "author_name": "dselva2005",
    "author_email": "nadardselva@gmail.com",
    "is_verified": true,
    "ip_address": "172.18.0.1",
    "user_agent": "Mozilla/5.0 (X11; Linux x86_64) AppleWebKit/537.36 (KHTML, like Gecko) Chrome/143.0.0.0 Safari/537.36",
    "created_at": "2026-01-07T04:02:58.960Z",
    "updated_at": "2026-01-07T04:03:08.951Z",
    "user": 2,
    "search_vector": "'reveiew':2B"
  }
},
{
  "model": "review.review",
  "pk": 78,
  "fields": {
    "moderation_status": "pending",
    "content_type": 19,
    "object_id": 1,
    "rating": 5,
    "title": "",
    "body": "laisdf lksad flaksdf asdf",
    "author_name": "dselva",
    "author_email": "dselvajagan@gmail.com",
    "is_verified": true,
    "ip_address": "172.18.0.1",
    "user_agent": "Mozilla/5.0 (X11; Linux x86_64) AppleWebKit/537.36 (KHTML, like Gecko) Chrome/143.0.0.0 Safari/537.36",
    "created_at": "2026-01-07T05:33:48.792Z",
    "updated_at": "2026-01-07T05:33:48.792Z",
    "user": 1,
    "search_vector": "'asdf':4B 'dselva':5C 'flaksdf':3B 'laisdf':1B 'lksad':2B"
  }
},
{
  "model": "review.review",
  "pk": 79,
  "fields": {
    "moderation_status": "pending",
    "content_type": 19,
    "object_id": 1,
    "rating": 5,
    "title": "this is goo",
    "body": "gooooo",
    "author_name": "dselva",
    "author_email": "dselvajagan@gmail.com",
    "is_verified": true,
    "ip_address": "172.18.0.1",
    "user_agent": "Mozilla/5.0 (X11; Linux x86_64) AppleWebKit/537.36 (KHTML, like Gecko) Chrome/143.0.0.0 Safari/537.36",
    "created_at": "2026-01-07T05:34:11.829Z",
    "updated_at": "2026-01-07T05:34:11.829Z",
    "user": 1,
    "search_vector": "'dselva':5C 'goo':3A 'gooooo':4B"
  }
},
{
  "model": "review.review",
  "pk": 80,
  "fields": {
    "moderation_status": "pending",
    "content_type": 19,
    "object_id": 1,
    "rating": 5,
    "title": "asdfasdf",
    "body": "asdfasdfasdf",
    "author_name": "dselva",
    "author_email": "dselvajagan@gmail.com",
    "is_verified": true,
    "ip_address": "172.18.0.1",
    "user_agent": "Mozilla/5.0 (X11; Linux x86_64) AppleWebKit/537.36 (KHTML, like Gecko) Chrome/143.0.0.0 Safari/537.36",
    "created_at": "2026-01-07T05:34:23.886Z",
    "updated_at": "2026-01-07T05:34:23.886Z",
    "user": 1,
    "search_vector": "'asdfasdf':1A 'asdfasdfasdf':2B 'dselva':3C"
  }
},
{
  "model": "review.review",
  "pk": 81,
  "fields": {
    "moderation_status": "pending",
    "content_type": 19,
    "object_id": 1,
    "rating": 5,
    "title": "sadfasdf",
    "body": "asdfasdfasdf",
    "author_name": "dselva",
    "author_email": "dselvajagan@gmail.com",
    "is_verified": true,
    "ip_address": "172.18.0.1",
    "user_agent": "Mozilla/5.0 (X11; Linux x86_64) AppleWebKit/537.36 (KHTML, like Gecko) Chrome/143.0.0.0 Safari/537.36",
    "created_at": "2026-01-07T05:34:28.391Z",
    "updated_at": "2026-01-07T05:34:28.391Z",
    "user": 1,
    "search_vector": "'asdfasdfasdf':2B 'dselva':3C 'sadfasdf':1A"
  }
},
{
  "model": "review.review",
  "pk": 82,
  "fields": {
    "moderation_status": "pending",
    "content_type": 19,
    "object_id": 1,
    "rating": 5,
    "title": "dsf",
    "body": "asdfsadfasdfasasdfasdfasdfa asdfa sdfasdf",
    "author_name": "dselva",
    "author_email": "dselvajagan@gmail.com",
    "is_verified": true,
    "ip_address": "172.18.0.1",
    "user_agent": "Mozilla/5.0 (X11; Linux x86_64) AppleWebKit/537.36 (KHTML, like Gecko) Chrome/143.0.0.0 Safari/537.36",
    "created_at": "2026-01-07T05:36:39.283Z",
    "updated_at": "2026-01-07T05:36:39.283Z",
    "user": 1,
    "search_vector": "'asdfa':3B 'asdfsadfasdfasasdfasdfasdfa':2B 'dselva':5C 'dsf':1A 'sdfasdf':4B"
  }
},
{
  "model": "review.review",
  "pk": 83,
  "fields": {
    "moderation_status": "pending",
    "content_type": 19,
    "object_id": 1,
    "rating": 5,
    "title": "asdf",
    "body": "asdfadf",
    "author_name": "dselva",
    "author_email": "dselvajagan@gmail.com",
    "is_verified": true,
    "ip_address": "172.18.0.1",
    "user_agent": "Mozilla/5.0 (X11; Linux x86_64) AppleWebKit/537.36 (KHTML, like Gecko) Chrome/143.0.0.0 Safari/537.36",
    "created_at": "2026-01-07T05:43:37.481Z",
    "updated_at": "2026-01-07T05:43:37.481Z",
    "user": 1,
    "search_vector": "'asdf':1A 'asdfadf':2B 'dselva':3C"
  }
},
{
  "model": "review.review",
  "pk": 84,
  "fields": {
    "moderation_status": "pending",
    "content_type": 19,
    "object_id": 1,
    "rating": 5,
    "title": "asdfasdfasdfasdf",
    "body": "asdfasdf asdfasdfasdf",
    "author_name": "dselva",
    "author_email": "dselvajagan@gmail.com",
    "is_verified": true,
    "ip_address": "172.18.0.1",
    "user_agent": "Mozilla/5.0 (X11; Linux x86_64) AppleWebKit/537.36 (KHTML, like Gecko) Chrome/143.0.0.0 Safari/537.36",
    "created_at": "2026-01-07T05:43:55.745Z",
    "updated_at": "2026-01-07T05:43:55.745Z",
    "user": 1,
    "search_vector": "'asdfasdf':2B 'asdfasdfasdf':3B 'asdfasdfasdfasdf':1A 'dselva':4C"
  }
},
{
  "model": "review.review",
  "pk": 85,
  "fields": {
    "moderation_status": "approved",
    "content_type": 19,
    "object_id": 1,
    "rating": 5,
    "title": "asdfasd",
    "body": "asdf sd asdf asdfasd",
    "author_name": "dselva",
    "author_email": "dselvajagan@gmail.com",
    "is_verified": true,
    "ip_address": "172.18.0.1",
    "user_agent": "Mozilla/5.0 (X11; Linux x86_64) AppleWebKit/537.36 (KHTML, like Gecko) Chrome/143.0.0.0 Safari/537.36",
    "created_at": "2026-01-07T05:44:14.218Z",
    "updated_at": "2026-01-07T05:47:08.642Z",
    "user": 1,
    "search_vector": "'asdf':2B,4B 'asdfasd':1A,5B 'dselva':6C 'sd':3B"
  }
},
{
  "model": "review.review",
  "pk": 86,
  "fields": {
    "moderation_status": "pending",
    "content_type": 19,
    "object_id": 1,
    "rating": 5,
    "title": "asdf aasdfa sd",
    "body": "sdfasdf asdf",
    "author_name": "dselva",
    "author_email": "dselvajagan@gmail.com",
    "is_verified": true,
    "ip_address": "172.18.0.1",
    "user_agent": "Mozilla/5.0 (X11; Linux x86_64) AppleWebKit/537.36 (KHTML, like Gecko) Chrome/143.0.0.0 Safari/537.36",
    "created_at": "2026-01-07T05:54:00.081Z",
    "updated_at": "2026-01-07T05:54:00.081Z",
    "user": 1,
    "search_vector": "'aasdfa':2A 'asdf':1A,5B 'dselva':6C 'sd':3A 'sdfasdf':4B"
  }
},
{
  "model": "review.review",
  "pk": 87,
  "fields": {
    "moderation_status": "approved",
    "content_type": 19,
    "object_id": 1,
    "rating": 5,
    "title": "thgis is dselva",
    "body": "dseval awefsdfad",
    "author_name": "dselva",
    "author_email": "dselvajagan@gmail.com",
    "is_verified": true,
    "ip_address": "172.18.0.1",
    "user_agent": "Mozilla/5.0 (X11; Linux x86_64) AppleWebKit/537.36 (KHTML, like Gecko) Chrome/143.0.0.0 Safari/537.36",
    "created_at": "2026-01-07T05:54:29.352Z",
    "updated_at": "2026-01-07T05:54:47.389Z",
    "user": 1,
    "search_vector": "'awefsdfad':5B 'dselva':3A,6C 'dseval':4B 'thgis':1A"
  }
},
{
  "model": "review.review",
  "pk": 88,
  "fields": {
    "moderation_status": "pending",
    "content_type": 19,
    "object_id": 1,
    "rating": 5,
    "title": "as",
    "body": "as df",
    "author_name": "dselva",
    "author_email": "dselvajagan@gmail.com",
    "is_verified": true,
    "ip_address": "172.18.0.1",
    "user_agent": "Mozilla/5.0 (X11; Linux x86_64) AppleWebKit/537.36 (KHTML, like Gecko) Chrome/143.0.0.0 Safari/537.36",
    "created_at": "2026-01-07T05:56:06.546Z",
    "updated_at": "2026-01-07T05:56:06.546Z",
    "user": 1,
    "search_vector": "'df':2B 'dselva':3C"
  }
},
{
  "model": "review.review",
  "pk": 89,
  "fields": {
    "moderation_status": "pending",
    "content_type": 19,
    "object_id": 1,
    "rating": 5,
    "title": "as",
    "body": "asdf",
    "author_name": "dselva",
    "author_email": "dselvajagan@gmail.com",
    "is_verified": true,
    "ip_address": "172.18.0.1",
    "user_agent": "Mozilla/5.0 (X11; Linux x86_64) AppleWebKit/537.36 (KHTML, like Gecko) Chrome/143.0.0.0 Safari/537.36",
    "created_at": "2026-01-07T05:57:29.314Z",
    "updated_at": "2026-01-07T05:57:29.314Z",
    "user": 1,
    "search_vector": "'asdf':1B 'dselva':2C"
  }
},
{
  "model": "review.review",
  "pk": 90,
  "fields": {
    "moderation_status": "approved",
    "content_type": 19,
    "object_id": 1,
    "rating": 5,
    "title": "this is to test toast",
    "body": "tosat",
    "author_name": "dselva",
    "author_email": "dselvajagan@gmail.com",
    "is_verified": true,
    "ip_address": "172.18.0.1",
    "user_agent": "Mozilla/5.0 (X11; Linux x86_64) AppleWebKit/537.36 (KHTML, like Gecko) Chrome/143.0.0.0 Safari/537.36",
    "created_at": "2026-01-07T05:57:45.567Z",
    "updated_at": "2026-01-07T05:57:58.563Z",
    "user": 1,
    "search_vector": "'dselva':7C 'test':4A 'toast':5A 'tosat':6B"
  }
},
{
  "model": "review.review",
  "pk": 91,
  "fields": {
    "moderation_status": "approved",
    "content_type": 11,
    "object_id": 29,
    "rating": 5,
    "title": "",
    "body": "testing asdf",
    "author_name": "dselva2005",
    "author_email": "nadardselva@gmail.com",
    "is_verified": true,
    "ip_address": "172.18.0.1",
    "user_agent": "Mozilla/5.0 (X11; Linux x86_64) AppleWebKit/537.36 (KHTML, like Gecko) Chrome/143.0.0.0 Safari/537.36",
    "created_at": "2026-01-07T06:04:13.936Z",
    "updated_at": "2026-01-07T06:04:41.671Z",
    "user": 2,
    "search_vector": "'asdf':2B 'dselva2005':3C 'test':1B"
  }
},
{
  "model": "review.reviewreply",
  "pk": 1,
  "fields": {
    "review": 56,
    "author": 1,
    "body": "this is good",
    "created_at": "2026-01-03T06:48:44.428Z",
    "updated_at": "2026-01-03T07:21:01.196Z"
  }
},
{
  "model": "review.reviewreply",
  "pk": 2,
  "fields": {
    "review": 55,
    "author": 1,
    "body": "this is testing",
    "created_at": "2026-01-03T08:12:15.368Z",
    "updated_at": "2026-01-03T08:12:15.368Z"
  }
},
{
  "model": "review.reviewreply",
  "pk": 3,
  "fields": {
    "review": 43,
    "author": 1,
    "body": "this is to test the reveiw data feature",
    "created_at": "2026-01-03T10:12:16.481Z",
    "updated_at": "2026-01-07T06:02:28.032Z"
  }
},
{
  "model": "review.reviewreply",
  "pk": 4,
  "fields": {
    "review": 58,
    "author": 1,
    "body": "this is very good ",
    "created_at": "2026-01-03T10:18:11.969Z",
    "updated_at": "2026-01-03T10:18:11.969Z"
  }
},
{
  "model": "review.reviewreply",
  "pk": 6,
  "fields": {
    "review": 67,
    "author": 1,
    "body": "we encourage this kind of reviews",
    "created_at": "2026-01-05T04:45:47.511Z",
    "updated_at": "2026-01-06T15:57:10.164Z"
  }
},
{
  "model": "review.reviewreply",
  "pk": 7,
  "fields": {
    "review": 68,
    "author": 2,
    "body": "appreciate this review",
    "created_at": "2026-01-06T15:27:05.671Z",
    "updated_at": "2026-01-06T15:27:43.774Z"
  }
},
{
  "model": "review.reviewreply",
  "pk": 8,
  "fields": {
    "review": 54,
    "author": 1,
    "body": "-",
    "created_at": "2026-01-06T15:57:34.034Z",
    "updated_at": "2026-01-06T16:05:11.495Z"
  }
},
{
  "model": "review.reviewmedia",
  "pk": 4,
  "fields": {
    "review": 67,
    "file": "reviews/67/2025-09-07_15-54.png",
    "media_type": "image",
    "created_at": "2026-01-05T04:44:24.430Z"
  }
},
{
  "model": "review.reviewmedia",
  "pk": 5,
  "fields": {
    "review": 67,
    "file": "reviews/67/2025-09-30_16-29.png",
    "media_type": "image",
    "created_at": "2026-01-05T04:44:24.444Z"
  }
},
{
  "model": "review.reviewmedia",
  "pk": 6,
  "fields": {
    "review": 67,
    "file": "reviews/67/Screencast_from_2025-07-11_20-15-00.webm",
    "media_type": "video",
    "created_at": "2026-01-05T04:44:24.461Z"
  }
},
{
  "model": "review.reviewmedia",
  "pk": 7,
  "fields": {
    "review": 68,
    "file": "reviews/68/kali.png",
    "media_type": "image",
    "created_at": "2026-01-06T15:05:35.634Z"
  }
},
{
  "model": "review.reviewmedia",
  "pk": 8,
  "fields": {
    "review": 68,
    "file": "reviews/68/ubuntu.jpg",
    "media_type": "image",
    "created_at": "2026-01-06T15:05:35.652Z"
  }
},
{
  "model": "review.emailtemplate",
  "pk": 1,
  "fields": {
    "key": "review_approved",
    "subject": "Your Review Has Been Approved 🎉",
    "body": "Hi {{ username }},\n\nCongratulations! 🎉\nYour review has been successfully published and is now live on our website.\n\nThank you for sharing your experience.\n\nMigrationReviews Team",
    "is_active": true,
    "updated_at": "2026-01-06T13:56:21.129Z"
  }
},
{
  "model": "review.emailtemplate",
  "pk": 2,
  "fields": {
    "key": "review_rejected",
    "subject": "Update on Your Review Submission",
    "body": "Hi {{ username }},\n\nThank you for submitting your review.\n\nAfter careful review, it does not meet our verification guidelines and has not been approved at this time.\n\nYou may resubmit with accurate details.\n\nMigrationReviews Team",
    "is_active": true,
    "updated_at": "2026-01-06T13:56:21.171Z"
  }
},
{
  "model": "blog.blogcategory",
  "pk": 1,
  "fields": {
    "name": "tech",
    "slug": "tech",
    "created_at": "2026-01-02T09:03:53.440Z"
  }
},
{
  "model": "blog.blogtag",
  "pk": 1,
  "fields": {
    "name": "newtag",
    "slug": "newtag",
    "created_at": "2026-01-02T09:04:00.967Z"
  }
},
{
  "model": "blog.blogpost",
  "pk": 1,
  "fields": {
    "title": "First blog",
    "slug": "first-blog",
    "author": 2,
    "excerpt": "this is the first blog of the site",
    "content": "this is the first blog of the site",
    "featured_image": "blog/featured/Screenshot_from_2025-07-11_20-08-06.png",
    "category": 1,
    "status": "PUBLISHED",
    "published_at": "2026-01-02T09:18:59.075Z",
    "seo_title": "first post",
    "seo_description": "fist post",
    "view_count": 103,
    "created_at": "2026-01-02T09:04:14.342Z",
    "updated_at": "2026-01-07T05:57:58.561Z",
    "search_vector": "'blog':2A,7B,15C 'first':1A,6B,14C 'site':10B,18C",
    "tags": [
      1
    ]
  }
}
]
