[
{
  "model": "sessions.session",
  "pk": "06ne1374clwva5g4kpz8cazlmrrgfqbo",
  "fields": {
    "session_data": "eyJ2aWV3ZWRfYmxvZ18xIjp0cnVlfQ:1vbchn:p-ieN4GgtHstFEl2M0bO740pbH67L6jLx48mKkUcd94",
    "expire_date": "2026-01-16T10:48:27.022Z"
  }
},
{
  "model": "sessions.session",
  "pk": "09o880afafbpho9pup9eg7j75z4tqkdl",
  "fields": {
    "session_data": "eyJ2aWV3ZWRfYmxvZ18xIjp0cnVlfQ:1vbcfy:ZrkZVbE510vs9Rzovc6LnjFkd1CHobfz9AeDM1ZY9VI",
    "expire_date": "2026-01-16T10:46:34.339Z"
  }
},
{
  "model": "sessions.session",
  "pk": "268achlxd08ioorajf722qq76s6pdjkr",
  "fields": {
    "session_data": "eyJ2aWV3ZWRfYmxvZ18xIjp0cnVlfQ:1vbcg0:oKKCT5PXlMwKecFlkLM3bfNJJUrTKJDKHahRAljyD58",
    "expire_date": "2026-01-16T10:46:36.524Z"
  }
},
{
  "model": "sessions.session",
  "pk": "3m91k4kkwaxxj7k8psej4lyd9beijr13",
  "fields": {
    "session_data": "eyJ2aWV3ZWRfYmxvZ18xIjp0cnVlfQ:1vbchm:Lv7At8AvcyAQRAQrar5D_-xlmsgL7Iwoz7s4sj_TywM",
    "expire_date": "2026-01-16T10:48:26.506Z"
  }
},
{
  "model": "sessions.session",
  "pk": "3ywzg7xr7qyf86yrvswq6vb1f8t4upcf",
  "fields": {
    "session_data": "eyJ2aWV3ZWRfYmxvZ18xIjp0cnVlfQ:1vbcfz:gR6IQY9jKEdJ1F8uHHk9GLfGWJj-Zyk4049oLWxb-4Q",
    "expire_date": "2026-01-16T10:46:35.048Z"
  }
},
{
  "model": "sessions.session",
  "pk": "4j1s9b17l9bytweyd8hxjifeadgvxysr",
  "fields": {
    "session_data": "eyJ2aWV3ZWRfYmxvZ18xIjp0cnVlfQ:1vbcfw:K5uwe1HoZc0rKgZHOahsDTFKyshvEv7s1PAayGhi6bM",
    "expire_date": "2026-01-16T10:46:32.262Z"
  }
},
{
  "model": "sessions.session",
  "pk": "4vd6467puwcz6hcdlz09qg35dos9jmaa",
  "fields": {
    "session_data": "eyJ2aWV3ZWRfYmxvZ18xIjp0cnVlfQ:1vbcm2:gChmvLk7GORbBhFouQ38ZfT2AH19yHESSj2yPKQyAiI",
    "expire_date": "2026-01-16T10:52:50.286Z"
  }
},
{
  "model": "sessions.session",
  "pk": "510f3h9ov2s77nrggb1468uwalcym9zr",
  "fields": {
    "session_data": "eyJ2aWV3ZWRfYmxvZ18xIjp0cnVlfQ:1vbcjD:79G9EuPMpVrTTnL4iADw_xeFYKkD44haVXZpEC29SKs",
    "expire_date": "2026-01-16T10:49:55.642Z"
  }
},
{
  "model": "sessions.session",
  "pk": "5fs2bp94jmw1d2x1r1dsqwd6tdkjmqvc",
  "fields": {
    "session_data": "eyJ2aWV3ZWRfYmxvZ18xIjp0cnVlfQ:1vbcg0:oKKCT5PXlMwKecFlkLM3bfNJJUrTKJDKHahRAljyD58",
    "expire_date": "2026-01-16T10:46:36.931Z"
  }
},
{
  "model": "sessions.session",
  "pk": "5ok2n8tfaxmcr850kalxz5x130q93z9s",
  "fields": {
    "session_data": "eyJ2aWV3ZWRfYmxvZ18xIjp0cnVlfQ:1vbcg0:oKKCT5PXlMwKecFlkLM3bfNJJUrTKJDKHahRAljyD58",
    "expire_date": "2026-01-16T10:46:36.210Z"
  }
},
{
  "model": "sessions.session",
  "pk": "5rcay16oogg6q9zxrm3ze40k59yzjvxc",
  "fields": {
    "session_data": "eyJ2aWV3ZWRfYmxvZ18xIjp0cnVlfQ:1vbcjK:QhnQHJCNkkmSOHw3QogL2d7IE6VEqXoxRMfp_Ps3sBw",
    "expire_date": "2026-01-16T10:50:02.879Z"
  }
},
{
  "model": "sessions.session",
  "pk": "7jqhiah3cj7z8p4f2xs6qv0t4x17bt4j",
  "fields": {
    "session_data": "eyJ2aWV3ZWRfYmxvZ18xIjp0cnVlfQ:1vbcg8:LdcHOUorT4Vy_4QAQSVS1kBqodrBbmD4Jvb2MfKUax4",
    "expire_date": "2026-01-16T10:46:44.734Z"
  }
},
{
  "model": "sessions.session",
  "pk": "8kl66obk8bqrpav9pjlm8b1hpq4z5tyn",
  "fields": {
    "session_data": "eyJ2aWV3ZWRfYmxvZ18xIjp0cnVlfQ:1vbcj2:qlLckfiRfCBP3VBHflFeBQ9cnHxgZFQ3YbQqAHsWdP0",
    "expire_date": "2026-01-16T10:49:44.086Z"
  }
},
{
  "model": "sessions.session",
  "pk": "8l2zep28odkfdc3un3e1ao1wvi0jbvsa",
  "fields": {
    "session_data": "eyJ2aWV3ZWRfYmxvZ18xIjp0cnVlfQ:1vbclx:dwuj1wjVHYYCAflGFEjl-flNW3tcdmVqKCaMNp0Amjg",
    "expire_date": "2026-01-16T10:52:45.338Z"
  }
},
{
  "model": "sessions.session",
  "pk": "9i91ts28iqe61kdbsezvo05ca5uya4l5",
  "fields": {
    "session_data": "eyJ2aWV3ZWRfYmxvZ18xIjp0cnVlfQ:1vbcg0:oKKCT5PXlMwKecFlkLM3bfNJJUrTKJDKHahRAljyD58",
    "expire_date": "2026-01-16T10:46:36.300Z"
  }
},
{
  "model": "sessions.session",
  "pk": "c8sd0d8mocf762seh8fwbxip39w7nldv",
  "fields": {
    "session_data": "eyJ2aWV3ZWRfYmxvZ18xIjp0cnVlfQ:1vbclu:aXl2NYIAhhDJiYcPTMp7b2sNCmCa2-7qeFrafEPhcWA",
    "expire_date": "2026-01-16T10:52:42.518Z"
  }
},
{
  "model": "sessions.session",
  "pk": "cyjipjkn8fsaswsxq7nv2rx55z2uchci",
  "fields": {
    "session_data": "eyJ2aWV3ZWRfYmxvZ18xIjp0cnVlfQ:1vbcfv:y6kC2hKIabOxmyBsh7BO4-Rcbk0Bo-T2Y4MJ_0Pcxlg",
    "expire_date": "2026-01-16T10:46:31.515Z"
  }
},
{
  "model": "sessions.session",
  "pk": "dz3ilh8ajwzy1130bwpx0sco47unil9n",
  "fields": {
    "session_data": "eyJ2aWV3ZWRfYmxvZ18xIjp0cnVlfQ:1vbcjL:I9x4hN5gUyjWQm6Y00wQy7ogp1UIJBopdA1kG7JQjH8",
    "expire_date": "2026-01-16T10:50:03.730Z"
  }
},
{
  "model": "sessions.session",
  "pk": "e4q6dh83dlccqd31vbwqcxo5835o58m8",
  "fields": {
    "session_data": ".eJxVjDsOwjAQBe_iGllZE8frlPQ5g2Xvbj4QxVI-UCDuTiKlgPbNvHmrELe1D9sicxhY1QrU5XdLkR4yHYDvceqypjyt85D0oeiTLrrJLOPtdP8CfVz6_R1L9MYW6Mj7FivASEnYFrblQoAA0fAVnPGutaVjouhsQufBmKoUm_boc5CXcEhj7gKoep03-XwBqhs-3g:1vbcg2:pwNAI0iQM-Tyj7pObizk15kh6ak_A8C595Vex89nn-Y",
    "expire_date": "2026-01-16T10:46:38.641Z"
  }
},
{
  "model": "sessions.session",
  "pk": "e6kiuu4jmtn7byqkd3oars8ym6bfle1d",
  "fields": {
    "session_data": "eyJ2aWV3ZWRfYmxvZ18xIjp0cnVlfQ:1vbcho:Nq0WRMhyWkR2sIyypv7-juzrSENPhb5EiU2AgpFlmSo",
    "expire_date": "2026-01-16T10:48:28.699Z"
  }
},
{
  "model": "sessions.session",
  "pk": "epw7fdnjj092yzhkugup5d7pgz9jruzv",
  "fields": {
    "session_data": "eyJ2aWV3ZWRfYmxvZ18xIjp0cnVlfQ:1vbchk:Z6M25OYfj11Ygx06TtvUeQi46OZgVqPM4UA1ydjwFCQ",
    "expire_date": "2026-01-16T10:48:24.957Z"
  }
},
{
  "model": "sessions.session",
  "pk": "g7u0o4qyzpt46eqez0on11dzx1w5tr2k",
  "fields": {
    "session_data": "eyJ2aWV3ZWRfYmxvZ18xIjp0cnVlfQ:1vbcfx:6jmBkqVvUpQH5Gk3Ls4UV1Z6J1EIGXyDyRGt8ZVfuTA",
    "expire_date": "2026-01-16T10:46:33.707Z"
  }
},
{
  "model": "sessions.session",
  "pk": "gat1ga4s88idxue0cwir33et22fwwuy1",
  "fields": {
    "session_data": "eyJ2aWV3ZWRfYmxvZ18xIjp0cnVlfQ:1vbcfy:ZrkZVbE510vs9Rzovc6LnjFkd1CHobfz9AeDM1ZY9VI",
    "expire_date": "2026-01-16T10:46:34.644Z"
  }
},
{
  "model": "sessions.session",
  "pk": "h8kizw6vvc6d489oylgyc1qg4y3vag4a",
  "fields": {
    "session_data": "eyJ2aWV3ZWRfYmxvZ18xIjp0cnVlfQ:1vbckD:a7SD56SdiiKGWSBXdcsUR7eukjg7FM8dSgIsd9wE2yA",
    "expire_date": "2026-01-16T10:50:57.235Z"
  }
},
{
  "model": "sessions.session",
  "pk": "h9ycospnjjnpjgmi1oankqv4ejaasbk3",
  "fields": {
    "session_data": "eyJ2aWV3ZWRfYmxvZ18xIjp0cnVlfQ:1vbcfx:6jmBkqVvUpQH5Gk3Ls4UV1Z6J1EIGXyDyRGt8ZVfuTA",
    "expire_date": "2026-01-16T10:46:33.366Z"
  }
},
{
  "model": "sessions.session",
  "pk": "i1ji4mmgeeakmwo0giulnp9kjeya9otm",
  "fields": {
    "session_data": "eyJ2aWV3ZWRfYmxvZ18xIjp0cnVlfQ:1vbcg9:0erFpfsINgTyvkL9J5FlNQ07_dcuK1ewNSg9wtJIYwE",
    "expire_date": "2026-01-16T10:46:45.834Z"
  }
},
{
  "model": "sessions.session",
  "pk": "i4rhhbca19ih4l500mokcmg5fc2i2ii7",
  "fields": {
    "session_data": "eyJ2aWV3ZWRfYmxvZ18xIjp0cnVlfQ:1vbcjM:N0h3i5T7KY7RxsMtzTkSZ3Dxm-9nyHouiVqsAAfI4TA",
    "expire_date": "2026-01-16T10:50:04.471Z"
  }
},
{
  "model": "sessions.session",
  "pk": "i6b3c2mhtp0zr09m2tffs79qvg1y6u92",
  "fields": {
    "session_data": "eyJ2aWV3ZWRfYmxvZ18xIjp0cnVlfQ:1vbchn:p-ieN4GgtHstFEl2M0bO740pbH67L6jLx48mKkUcd94",
    "expire_date": "2026-01-16T10:48:27.883Z"
  }
},
{
  "model": "sessions.session",
  "pk": "jyp7r7t17nr3chv9fn6os3406u4sg4k8",
  "fields": {
    "session_data": "eyJ2aWV3ZWRfYmxvZ18xIjp0cnVlfQ:1vbchl:rBX63g3JGeC0VVN8KiujSDTD892ce53sSnsFtLx0eBs",
    "expire_date": "2026-01-16T10:48:25.857Z"
  }
},
{
  "model": "sessions.session",
  "pk": "lyxm6d3dqbf5c7q1yti0yu6qdp04t075",
  "fields": {
    "session_data": "eyJ2aWV3ZWRfYmxvZ18xIjp0cnVlfQ:1vbcfz:gR6IQY9jKEdJ1F8uHHk9GLfGWJj-Zyk4049oLWxb-4Q",
    "expire_date": "2026-01-16T10:46:35.604Z"
  }
},
{
  "model": "sessions.session",
  "pk": "mhx0ct9i09j9aqo4yxt0kd21vrhwx3va",
  "fields": {
    "session_data": "eyJ2aWV3ZWRfYmxvZ18xIjp0cnVlfQ:1vbcho:Nq0WRMhyWkR2sIyypv7-juzrSENPhb5EiU2AgpFlmSo",
    "expire_date": "2026-01-16T10:48:28.189Z"
  }
},
{
  "model": "sessions.session",
  "pk": "mhx46n4asko6fb0hb881j1hc27jlfkf1",
  "fields": {
    "session_data": "eyJ2aWV3ZWRfYmxvZ18xIjp0cnVlfQ:1vbckA:gOwTrK_QJZ2sjsR9EKmctTJVQuVcx52UpBxT8GAhkpk",
    "expire_date": "2026-01-16T10:50:54.058Z"
  }
},
{
  "model": "sessions.session",
  "pk": "misxgr84ln9ngw1r75fdqn3wid7ywk5g",
  "fields": {
    "session_data": "eyJ2aWV3ZWRfYmxvZ18xIjp0cnVlfQ:1vbcj2:qlLckfiRfCBP3VBHflFeBQ9cnHxgZFQ3YbQqAHsWdP0",
    "expire_date": "2026-01-16T10:49:44.978Z"
  }
},
{
  "model": "sessions.session",
  "pk": "n8msp0z3v7yvc6fg6ptxi1b3etdmugy8",
  "fields": {
    "session_data": "eyJ2aWV3ZWRfYmxvZ18xIjp0cnVlfQ:1vbckA:gOwTrK_QJZ2sjsR9EKmctTJVQuVcx52UpBxT8GAhkpk",
    "expire_date": "2026-01-16T10:50:54.082Z"
  }
},
{
  "model": "sessions.session",
  "pk": "omni13rkgz1x2tz5632ldqp8dpjaphoy",
  "fields": {
    "session_data": "eyJ2aWV3ZWRfYmxvZ18xIjp0cnVlfQ:1vbcfw:K5uwe1HoZc0rKgZHOahsDTFKyshvEv7s1PAayGhi6bM",
    "expire_date": "2026-01-16T10:46:32.896Z"
  }
},
{
  "model": "sessions.session",
  "pk": "p0h9pk4dlypnlxn29mnibwsl6g2sf9qe",
  "fields": {
    "session_data": "eyJ2aWV3ZWRfYmxvZ18xIjp0cnVlfQ:1vbcg9:0erFpfsINgTyvkL9J5FlNQ07_dcuK1ewNSg9wtJIYwE",
    "expire_date": "2026-01-16T10:46:45.711Z"
  }
},
{
  "model": "sessions.session",
  "pk": "poretxorhzc14shx1bu5y8q2gia4kipa",
  "fields": {
    "session_data": "eyJ2aWV3ZWRfYmxvZ18xIjp0cnVlfQ:1vbcgA:KdhOi7Kor9JcS_rYq33GDEOszRHWxNOZV7dFVuYw1u4",
    "expire_date": "2026-01-16T10:46:46.046Z"
  }
},
{
  "model": "sessions.session",
  "pk": "pxyfj72e1hrvf8y7mvc5jjsoxbsppj34",
  "fields": {
    "session_data": "eyJ2aWV3ZWRfYmxvZ18xIjp0cnVlfQ:1vbcfx:6jmBkqVvUpQH5Gk3Ls4UV1Z6J1EIGXyDyRGt8ZVfuTA",
    "expire_date": "2026-01-16T10:46:33.471Z"
  }
},
{
  "model": "sessions.session",
  "pk": "q9gtm1vp25go0ug96i6mnb1kv3hn5l4q",
  "fields": {
    "session_data": "eyJ2aWV3ZWRfYmxvZ18xIjp0cnVlfQ:1vbclz:NTQZyuI5U7pTaBZHmVMJeifbp3DMvPubNg4vSk9__r0",
    "expire_date": "2026-01-16T10:52:47.144Z"
  }
},
{
  "model": "sessions.session",
  "pk": "qqluxtruv6ebfji7hko4b4ca5p1w212y",
  "fields": {
    "session_data": "eyJ2aWV3ZWRfYmxvZ18xIjp0cnVlfQ:1vbclu:aXl2NYIAhhDJiYcPTMp7b2sNCmCa2-7qeFrafEPhcWA",
    "expire_date": "2026-01-16T10:52:42.506Z"
  }
},
{
  "model": "sessions.session",
  "pk": "raqdswc28f84zk1cft1hk8oio969gozi",
  "fields": {
    "session_data": "eyJ2aWV3ZWRfYmxvZ18xIjp0cnVlfQ:1vbchn:p-ieN4GgtHstFEl2M0bO740pbH67L6jLx48mKkUcd94",
    "expire_date": "2026-01-16T10:48:27.583Z"
  }
},
{
  "model": "sessions.session",
  "pk": "rom5n92w594atto7xp0j8c3fzhqanv4s",
  "fields": {
    "session_data": "eyJ2aWV3ZWRfYmxvZ18xIjp0cnVlfQ:1vbcj1:AVzzaCCJ0V7OnFgefpwf8QOLk28ZFc4ylF1YKt35sxg",
    "expire_date": "2026-01-16T10:49:43.252Z"
  }
},
{
  "model": "sessions.session",
  "pk": "rr3itow9hkcbi2ycqcy8bt60mjs7dq62",
  "fields": {
    "session_data": "eyJ2aWV3ZWRfYmxvZ18xIjp0cnVlfQ:1vbchn:p-ieN4GgtHstFEl2M0bO740pbH67L6jLx48mKkUcd94",
    "expire_date": "2026-01-16T10:48:27.257Z"
  }
},
{
  "model": "sessions.session",
  "pk": "slusqmix2t7f2wecqn47nnkkf956pwit",
  "fields": {
    "session_data": "eyJ2aWV3ZWRfYmxvZ18xIjp0cnVlfQ:1vbcg9:0erFpfsINgTyvkL9J5FlNQ07_dcuK1ewNSg9wtJIYwE",
    "expire_date": "2026-01-16T10:46:45.064Z"
  }
},
{
  "model": "sessions.session",
  "pk": "tfvj0e3jjev9rrxgzzt34fmmb1qrpxxi",
  "fields": {
    "session_data": "eyJ2aWV3ZWRfYmxvZ18xIjp0cnVlfQ:1vbcfy:ZrkZVbE510vs9Rzovc6LnjFkd1CHobfz9AeDM1ZY9VI",
    "expire_date": "2026-01-16T10:46:34.125Z"
  }
},
{
  "model": "sessions.session",
  "pk": "tlc49wvkgv6ywqx2pzs043x0p3tnzgir",
  "fields": {
    "session_data": "eyJ2aWV3ZWRfYmxvZ18xIjp0cnVlfQ:1vbcfy:ZrkZVbE510vs9Rzovc6LnjFkd1CHobfz9AeDM1ZY9VI",
    "expire_date": "2026-01-16T10:46:34.944Z"
  }
},
{
  "model": "sessions.session",
  "pk": "u0fsvyf54ejh2sx1obmp9s01su0m3so1",
  "fields": {
    "session_data": "eyJ2aWV3ZWRfYmxvZ18xIjp0cnVlfQ:1vbcg9:0erFpfsINgTyvkL9J5FlNQ07_dcuK1ewNSg9wtJIYwE",
    "expire_date": "2026-01-16T10:46:45.413Z"
  }
},
{
  "model": "sessions.session",
  "pk": "ul9ziim983xpx5nust2k86vadajksftd",
  "fields": {
    "session_data": "eyJ2aWV3ZWRfYmxvZ18xIjp0cnVlfQ:1vbclH:GD-UdrUxToVWkRAd4XifV5xVhAORpwNlUCOIc68yaG0",
    "expire_date": "2026-01-16T10:52:03.249Z"
  }
},
{
  "model": "sessions.session",
  "pk": "uvlwkl93jgxtdw4cvr8ks1v9ql81qna1",
  "fields": {
    "session_data": "eyJ2aWV3ZWRfYmxvZ18xIjp0cnVlfQ:1vbcfy:ZrkZVbE510vs9Rzovc6LnjFkd1CHobfz9AeDM1ZY9VI",
    "expire_date": "2026-01-16T10:46:34.027Z"
  }
},
{
  "model": "sessions.session",
  "pk": "v631v2jje1c1rroikrwoo87etsbo1297",
  "fields": {
    "session_data": "eyJ2aWV3ZWRfYmxvZ18xIjp0cnVlfQ:1vbclU:u1_Xy0ID0_RwxPmibv6HZxkSqWmKnqNgumhZEjpfSK4",
    "expire_date": "2026-01-16T10:52:16.650Z"
  }
},
{
  "model": "sessions.session",
  "pk": "vrj021ctq10o358v94j9uj62qzc2fxhu",
  "fields": {
    "session_data": "eyJ2aWV3ZWRfYmxvZ18xIjp0cnVlfQ:1vbchm:Lv7At8AvcyAQRAQrar5D_-xlmsgL7Iwoz7s4sj_TywM",
    "expire_date": "2026-01-16T10:48:26.923Z"
  }
},
{
  "model": "sessions.session",
  "pk": "vuw93mwzdv4wzlwydkiuranijy1rku1a",
  "fields": {
    "session_data": "eyJ2aWV3ZWRfYmxvZ18xIjp0cnVlfQ:1vbclE:2SV1m_aLaTVRa8zUdyd7hGPFzxOW8e1yW8xHMk2rHqA",
    "expire_date": "2026-01-16T10:52:00.621Z"
  }
},
{
  "model": "sessions.session",
  "pk": "wbm5u7ay94kmvvg1ocbwpknvo1bll9vd",
  "fields": {
    "session_data": "eyJ2aWV3ZWRfYmxvZ18xIjp0cnVlfQ:1vbcfz:gR6IQY9jKEdJ1F8uHHk9GLfGWJj-Zyk4049oLWxb-4Q",
    "expire_date": "2026-01-16T10:46:35.882Z"
  }
},
{
  "model": "sessions.session",
  "pk": "xircwy5p8mmrum8isw65q7fw9paqozf2",
  "fields": {
    "session_data": "eyJ2aWV3ZWRfYmxvZ18xIjp0cnVlfQ:1vbchl:rBX63g3JGeC0VVN8KiujSDTD892ce53sSnsFtLx0eBs",
    "expire_date": "2026-01-16T10:48:25.251Z"
  }
},
{
  "model": "sessions.session",
  "pk": "y9sr7pp12pqix94lcmvewwvjus4oierq",
  "fields": {
    "session_data": "eyJ2aWV3ZWRfYmxvZ18xIjp0cnVlfQ:1vbcg0:oKKCT5PXlMwKecFlkLM3bfNJJUrTKJDKHahRAljyD58",
    "expire_date": "2026-01-16T10:46:36.836Z"
  }
},
{
  "model": "sessions.session",
  "pk": "yeu9sd7y3ljb9mo7illccm42v3x8x5l3",
  "fields": {
    "session_data": "eyJ2aWV3ZWRfYmxvZ18xIjp0cnVlfQ:1vbcfz:gR6IQY9jKEdJ1F8uHHk9GLfGWJj-Zyk4049oLWxb-4Q",
    "expire_date": "2026-01-16T10:46:35.272Z"
  }
},
{
  "model": "sessions.session",
  "pk": "ypk475lrz91bs3ldamhm4l1sn9py5k2p",
  "fields": {
    "session_data": "eyJ2aWV3ZWRfYmxvZ18xIjp0cnVlfQ:1vbcm0:4S68dZZXmmZD4sMQJn27twIdzlhFnExIumMraQv_fkE",
    "expire_date": "2026-01-16T10:52:48.491Z"
  }
},
{
  "model": "sessions.session",
  "pk": "z2khro2diamsbqwsppyhy2ct2lf28aeh",
  "fields": {
    "session_data": "eyJ2aWV3ZWRfYmxvZ18xIjp0cnVlfQ:1vbcm4:24IdxJfIit-1JCYlbfQEMSTG5_9sHLGlSkqfjqkF4xU",
    "expire_date": "2026-01-16T10:52:52.660Z"
  }
},
{
  "model": "sessions.session",
  "pk": "zvbl5ncj4hyj3o1nhrg1fnrz7gkoa0w6",
  "fields": {
    "session_data": "eyJ2aWV3ZWRfYmxvZ18xIjp0cnVlfQ:1vbcg8:LdcHOUorT4Vy_4QAQSVS1kBqodrBbmD4Jvb2MfKUax4",
    "expire_date": "2026-01-16T10:46:44.404Z"
  }
},
{
  "model": "auth_app.user",
  "fields": {
    "password": "pbkdf2_sha256$1200000$xP4qLB88X89YshvbRTgkLB$hygMFOTP47eaGOWLsBzafWTjGXM8B8XpunKsh9p89fY=",
    "last_login": "2026-01-02T12:08:35Z",
    "is_superuser": true,
    "email": "dselvajagan@gmail.com",
    "username": "dselva",
    "profile_image": "profile_images/user_1/2025-09-07_15-54.png",
    "is_active": true,
    "is_staff": true,
    "date_joined": "2026-01-01T09:10:55Z",
    "groups": [],
    "user_permissions": []
  }
},
{
  "model": "auth_app.user",
  "fields": {
    "password": "pbkdf2_sha256$1200000$9mXPFUUdDAO37HvJHtVdyQ$yZ4jjt8DGsP83POi/adCSZx2XY4nvjWvl/80oW4Bmyw=",
    "last_login": null,
    "is_superuser": false,
    "email": "nadardselva@gmail.com",
    "username": "dselva2005",
    "profile_image": "profile_images/user_2/Screenshot_from_2025-07-21_19-36-38.png",
    "is_active": true,
    "is_staff": false,
    "date_joined": "2026-01-01T09:10:55.892Z",
    "groups": [],
    "user_permissions": []
  }
},
{
  "model": "token_blacklist.outstandingtoken",
  "pk": 1,
  "fields": {
    "user": [
      "nadardselva@gmail.com"
    ],
    "jti": "e1a57da5a25546b3a2fbcf987836f183",
    "token": "eyJhbGciOiJIUzI1NiIsInR5cCI6IkpXVCJ9.eyJ0b2tlbl90eXBlIjoicmVmcmVzaCIsImV4cCI6MTc2Nzg2MDc0NywiaWF0IjoxNzY3MjU1OTQ3LCJqdGkiOiJlMWE1N2RhNWEyNTU0NmIzYTJmYmNmOTg3ODM2ZjE4MyIsInVzZXJfaWQiOiIyIn0.CPwLnesgqDyLZ0W6HYztMajG3kXbG31YmSszK6BYZCk",
    "created_at": "2026-01-01T08:25:47.264Z",
    "expires_at": "2026-01-08T08:25:47Z"
  }
},
{
  "model": "token_blacklist.outstandingtoken",
  "pk": 2,
  "fields": {
    "user": [
      "dselvajagan@gmail.com"
    ],
    "jti": "cd65423108ba49e188e4c7a8daa46ef5",
    "token": "eyJhbGciOiJIUzI1NiIsInR5cCI6IkpXVCJ9.eyJ0b2tlbl90eXBlIjoicmVmcmVzaCIsImV4cCI6MTc2Nzg2MDc3OCwiaWF0IjoxNzY3MjU1OTc4LCJqdGkiOiJjZDY1NDIzMTA4YmE0OWUxODhlNGM3YThkYWE0NmVmNSIsInVzZXJfaWQiOiIxIn0.jjfKyQ3VSuy3YF-QFBbjkLMbSZN8pPisabGetBVFryQ",
    "created_at": "2026-01-01T08:26:18.278Z",
    "expires_at": "2026-01-08T08:26:18Z"
  }
},
{
  "model": "token_blacklist.outstandingtoken",
  "pk": 3,
  "fields": {
    "user": [
      "nadardselva@gmail.com"
    ],
    "jti": "baaeb26d8f3d4d89bbd43c43fd142df1",
    "token": "eyJhbGciOiJIUzI1NiIsInR5cCI6IkpXVCJ9.eyJ0b2tlbl90eXBlIjoicmVmcmVzaCIsImV4cCI6MTc2Nzg2MDgzMSwiaWF0IjoxNzY3MjU2MDMxLCJqdGkiOiJiYWFlYjI2ZDhmM2Q0ZDg5YmJkNDNjNDNmZDE0MmRmMSIsInVzZXJfaWQiOiIyIn0.RVyHFX17kLCuI7eCDxVmfK4xqEQyEtJVvOUmZSKcTQ0",
    "created_at": "2026-01-01T08:27:11.490Z",
    "expires_at": "2026-01-08T08:27:11Z"
  }
},
{
  "model": "token_blacklist.outstandingtoken",
  "pk": 4,
  "fields": {
    "user": [
      "dselvajagan@gmail.com"
    ],
    "jti": "f64fdc111e764fb0944d0bf89aa87ea5",
    "token": "eyJhbGciOiJIUzI1NiIsInR5cCI6IkpXVCJ9.eyJ0b2tlbl90eXBlIjoicmVmcmVzaCIsImV4cCI6MTc2Nzg2MzQ2MywiaWF0IjoxNzY3MjU4NjYzLCJqdGkiOiJmNjRmZGMxMTFlNzY0ZmIwOTQ0ZDBiZjg5YWE4N2VhNSIsInVzZXJfaWQiOiIxIn0.LHrUxm2yI3Qmxz2vQdm_QOc091-fdZVRIsJ7GRDI-H8",
    "created_at": "2026-01-01T09:11:03.580Z",
    "expires_at": "2026-01-08T09:11:03Z"
  }
},
{
  "model": "token_blacklist.outstandingtoken",
  "pk": 5,
  "fields": {
    "user": [
      "dselvajagan@gmail.com"
    ],
    "jti": "0e9d8dbbb4064bae8becb34cd33d7b6c",
    "token": "eyJhbGciOiJIUzI1NiIsInR5cCI6IkpXVCJ9.eyJ0b2tlbl90eXBlIjoicmVmcmVzaCIsImV4cCI6MTc2Nzg2NDc2MiwiaWF0IjoxNzY3MjU5OTYyLCJqdGkiOiIwZTlkOGRiYmI0MDY0YmFlOGJlY2IzNGNkMzNkN2I2YyIsInVzZXJfaWQiOiIxIn0.Is6e8nvg7fNbRgwC6PJMOQ06ALuqIwyVib6R0DDpevI",
    "created_at": "2026-01-01T09:32:42.233Z",
    "expires_at": "2026-01-08T09:32:42Z"
  }
},
{
  "model": "token_blacklist.outstandingtoken",
  "pk": 6,
  "fields": {
    "user": [
      "dselvajagan@gmail.com"
    ],
    "jti": "f3551c25e08a4d77aa533c9f8b42be2b",
    "token": "eyJhbGciOiJIUzI1NiIsInR5cCI6IkpXVCJ9.eyJ0b2tlbl90eXBlIjoicmVmcmVzaCIsImV4cCI6MTc2Nzg2NDc3OSwiaWF0IjoxNzY3MjU5OTc5LCJqdGkiOiJmMzU1MWMyNWUwOGE0ZDc3YWE1MzNjOWY4YjQyYmUyYiIsInVzZXJfaWQiOiIxIn0.HiRs7KJR6ei57dz4RY9Espkys54kENMMoGerAD77DAI",
    "created_at": "2026-01-01T09:32:59.337Z",
    "expires_at": "2026-01-08T09:32:59Z"
  }
},
{
  "model": "token_blacklist.outstandingtoken",
  "pk": 7,
  "fields": {
    "user": [
      "dselvajagan@gmail.com"
    ],
    "jti": "61e12c8511094fa0b9a2c04de6b5fd51",
    "token": "eyJhbGciOiJIUzI1NiIsInR5cCI6IkpXVCJ9.eyJ0b2tlbl90eXBlIjoicmVmcmVzaCIsImV4cCI6MTc2Nzg2NDg4MywiaWF0IjoxNzY3MjYwMDgzLCJqdGkiOiI2MWUxMmM4NTExMDk0ZmEwYjlhMmMwNGRlNmI1ZmQ1MSIsInVzZXJfaWQiOiIxIn0.g75vPVzMBI7dy3yxyr23EbFiUNZtdYbO-KD6_dUVRu4",
    "created_at": "2026-01-01T09:34:43.473Z",
    "expires_at": "2026-01-08T09:34:43Z"
  }
},
{
  "model": "token_blacklist.outstandingtoken",
  "pk": 8,
  "fields": {
    "user": [
      "dselvajagan@gmail.com"
    ],
    "jti": "86b2e0bdeb8647169445714f20974385",
    "token": "eyJhbGciOiJIUzI1NiIsInR5cCI6IkpXVCJ9.eyJ0b2tlbl90eXBlIjoicmVmcmVzaCIsImV4cCI6MTc2Nzg2NTEzNiwiaWF0IjoxNzY3MjYwMzM2LCJqdGkiOiI4NmIyZTBiZGViODY0NzE2OTQ0NTcxNGYyMDk3NDM4NSIsInVzZXJfaWQiOiIxIn0.VTEbQDBT2si8FurIqtdDrrqWXgHFlxB4jeXstAMr3l4",
    "created_at": "2026-01-01T09:38:56.671Z",
    "expires_at": "2026-01-08T09:38:56Z"
  }
},
{
  "model": "token_blacklist.outstandingtoken",
  "pk": 9,
  "fields": {
    "user": [
      "dselvajagan@gmail.com"
    ],
    "jti": "857ae674a17745b5a72261583e5a3b44",
    "token": "eyJhbGciOiJIUzI1NiIsInR5cCI6IkpXVCJ9.eyJ0b2tlbl90eXBlIjoicmVmcmVzaCIsImV4cCI6MTc2Nzg2NTU4NiwiaWF0IjoxNzY3MjYwNzg2LCJqdGkiOiI4NTdhZTY3NGExNzc0NWI1YTcyMjYxNTgzZTVhM2I0NCIsInVzZXJfaWQiOiIxIn0.VqA2xDyfrec2NvHDSDPTtjdD4pNvtBxaINHr7EobB6M",
    "created_at": "2026-01-01T09:46:26.743Z",
    "expires_at": "2026-01-08T09:46:26Z"
  }
},
{
  "model": "token_blacklist.outstandingtoken",
  "pk": 10,
  "fields": {
    "user": [
      "dselvajagan@gmail.com"
    ],
    "jti": "2d04a45adccb4f54b82203fce8131fc2",
    "token": "eyJhbGciOiJIUzI1NiIsInR5cCI6IkpXVCJ9.eyJ0b2tlbl90eXBlIjoicmVmcmVzaCIsImV4cCI6MTc2Nzg2NjM4NCwiaWF0IjoxNzY3MjYxNTg0LCJqdGkiOiIyZDA0YTQ1YWRjY2I0ZjU0YjgyMjAzZmNlODEzMWZjMiIsInVzZXJfaWQiOiIxIn0.TxTWJTXR1fqROmMiOZaWNQeUqDVfX_NPPUQbqy-2sZQ",
    "created_at": "2026-01-01T09:59:44.592Z",
    "expires_at": "2026-01-08T09:59:44Z"
  }
},
{
  "model": "token_blacklist.outstandingtoken",
  "pk": 11,
  "fields": {
    "user": [
      "dselvajagan@gmail.com"
    ],
    "jti": "0b144ab6bb3f48789df2df07e87076fb",
    "token": "eyJhbGciOiJIUzI1NiIsInR5cCI6IkpXVCJ9.eyJ0b2tlbl90eXBlIjoicmVmcmVzaCIsImV4cCI6MTc2Nzg2OTg2MCwiaWF0IjoxNzY3MjY1MDYwLCJqdGkiOiIwYjE0NGFiNmJiM2Y0ODc4OWRmMmRmMDdlODcwNzZmYiIsInVzZXJfaWQiOiIxIn0.yWmhlUoF4xuNVBh2jJ5NqPZJSQTqpi9INOgDTKfBTv8",
    "created_at": "2026-01-01T10:57:40.999Z",
    "expires_at": "2026-01-08T10:57:40Z"
  }
},
{
  "model": "token_blacklist.outstandingtoken",
  "pk": 12,
  "fields": {
    "user": [
      "dselvajagan@gmail.com"
    ],
    "jti": "8c5a7abca82f4a66b2ef789e2a891097",
    "token": "eyJhbGciOiJIUzI1NiIsInR5cCI6IkpXVCJ9.eyJ0b2tlbl90eXBlIjoicmVmcmVzaCIsImV4cCI6MTc2Nzg3MDMxNywiaWF0IjoxNzY3MjY1NTE3LCJqdGkiOiI4YzVhN2FiY2E4MmY0YTY2YjJlZjc4OWUyYTg5MTA5NyIsInVzZXJfaWQiOiIxIn0.SH1RBheEv0LwoFgSefjxAmZbin61Mzd3WZVRsR61wQk",
    "created_at": "2026-01-01T11:05:17.163Z",
    "expires_at": "2026-01-08T11:05:17Z"
  }
},
{
  "model": "token_blacklist.outstandingtoken",
  "pk": 13,
  "fields": {
    "user": [
      "dselvajagan@gmail.com"
    ],
    "jti": "a58d4884cfdc4f3083e902636057408f",
    "token": "eyJhbGciOiJIUzI1NiIsInR5cCI6IkpXVCJ9.eyJ0b2tlbl90eXBlIjoicmVmcmVzaCIsImV4cCI6MTc2Nzg3NTM4MSwiaWF0IjoxNzY3MjcwNTgxLCJqdGkiOiJhNThkNDg4NGNmZGM0ZjMwODNlOTAyNjM2MDU3NDA4ZiIsInVzZXJfaWQiOiIxIn0.OcHghlEF7uZYBDjxX3nS2QaqiDtPnlNRIinMAVWH6_Y",
    "created_at": "2026-01-01T12:29:41.421Z",
    "expires_at": "2026-01-08T12:29:41Z"
  }
},
{
  "model": "token_blacklist.outstandingtoken",
  "pk": 14,
  "fields": {
    "user": [
      "dselvajagan@gmail.com"
    ],
    "jti": "205e8d843c384e81a823cb0cd9cfc6f4",
    "token": "eyJhbGciOiJIUzI1NiIsInR5cCI6IkpXVCJ9.eyJ0b2tlbl90eXBlIjoicmVmcmVzaCIsImV4cCI6MTc2Nzg4Mzk4MiwiaWF0IjoxNzY3Mjc5MTgyLCJqdGkiOiIyMDVlOGQ4NDNjMzg0ZTgxYTgyM2NiMGNkOWNmYzZmNCIsInVzZXJfaWQiOiIxIn0.BbZ5mJ5tGxNJNISkmjIsqigIkHxdd1_OP85bh7D9Ue0",
    "created_at": "2026-01-01T14:53:02.291Z",
    "expires_at": "2026-01-08T14:53:02Z"
  }
},
{
  "model": "token_blacklist.outstandingtoken",
  "pk": 15,
  "fields": {
    "user": [
      "dselvajagan@gmail.com"
    ],
    "jti": "e1602a97c1944537a175b608b8469577",
    "token": "eyJhbGciOiJIUzI1NiIsInR5cCI6IkpXVCJ9.eyJ0b2tlbl90eXBlIjoicmVmcmVzaCIsImV4cCI6MTc2NzkyNzQ2NSwiaWF0IjoxNzY3MzIyNjY1LCJqdGkiOiJlMTYwMmE5N2MxOTQ0NTM3YTE3NWI2MDhiODQ2OTU3NyIsInVzZXJfaWQiOiIxIn0.AVcdVax1u397WdOLS9utSRNIUs-0Oo9-qD0juExCwYw",
    "created_at": "2026-01-02T02:57:45.091Z",
    "expires_at": "2026-01-09T02:57:45Z"
  }
},
{
  "model": "token_blacklist.outstandingtoken",
  "pk": 16,
  "fields": {
    "user": [
      "dselvajagan@gmail.com"
    ],
    "jti": "5d16271883c74af1aa6fa17326e47f44",
    "token": "eyJhbGciOiJIUzI1NiIsInR5cCI6IkpXVCJ9.eyJ0b2tlbl90eXBlIjoicmVmcmVzaCIsImV4cCI6MTc2NzkzMjA1OCwiaWF0IjoxNzY3MzI3MjU4LCJqdGkiOiI1ZDE2MjcxODgzYzc0YWYxYWE2ZmExNzMyNmU0N2Y0NCIsInVzZXJfaWQiOiIxIn0.gwEBb0tjm6JkvoF1aWk2LbBmltw86BPMtakRWIxUYDA",
    "created_at": "2026-01-02T04:14:18.885Z",
    "expires_at": "2026-01-09T04:14:18Z"
  }
},
{
  "model": "token_blacklist.outstandingtoken",
  "pk": 17,
  "fields": {
    "user": [
      "dselvajagan@gmail.com"
    ],
    "jti": "3f63f6c7e11f4d3bbe5951e377d558d1",
    "token": "eyJhbGciOiJIUzI1NiIsInR5cCI6IkpXVCJ9.eyJ0b2tlbl90eXBlIjoicmVmcmVzaCIsImV4cCI6MTc2NzkzMjIyMCwiaWF0IjoxNzY3MzI3NDIwLCJqdGkiOiIzZjYzZjZjN2UxMWY0ZDNiYmU1OTUxZTM3N2Q1NThkMSIsInVzZXJfaWQiOiIxIn0.lXBxZkGiKKAlBG_pxpsb9nM1RfTpPwzUwGf6XtrH1JI",
    "created_at": "2026-01-02T04:17:00.585Z",
    "expires_at": "2026-01-09T04:17:00Z"
  }
},
{
  "model": "token_blacklist.outstandingtoken",
  "pk": 18,
  "fields": {
    "user": [
      "dselvajagan@gmail.com"
    ],
    "jti": "19f0da6fb85b4178ae2807812ccbde54",
    "token": "eyJhbGciOiJIUzI1NiIsInR5cCI6IkpXVCJ9.eyJ0b2tlbl90eXBlIjoicmVmcmVzaCIsImV4cCI6MTc2NzkzMjY0OCwiaWF0IjoxNzY3MzI3ODQ4LCJqdGkiOiIxOWYwZGE2ZmI4NWI0MTc4YWUyODA3ODEyY2NiZGU1NCIsInVzZXJfaWQiOiIxIn0.irvW1ffx_xPqQ_3WMJdc7UOGyxRmaDoG0tQIIArnoII",
    "created_at": "2026-01-02T04:24:08.335Z",
    "expires_at": "2026-01-09T04:24:08Z"
  }
},
{
  "model": "token_blacklist.outstandingtoken",
  "pk": 19,
  "fields": {
    "user": [
      "nadardselva@gmail.com"
    ],
    "jti": "b977827db97342a8b70a91f63496248d",
    "token": "eyJhbGciOiJIUzI1NiIsInR5cCI6IkpXVCJ9.eyJ0b2tlbl90eXBlIjoicmVmcmVzaCIsImV4cCI6MTc2NzkzNDY4MSwiaWF0IjoxNzY3MzI5ODgxLCJqdGkiOiJiOTc3ODI3ZGI5NzM0MmE4YjcwYTkxZjYzNDk2MjQ4ZCIsInVzZXJfaWQiOiIyIn0.L4B7x3Wk2_mhpRCCULINmssNResv2Ss-En_6Sl4QGb8",
    "created_at": "2026-01-02T04:58:01.159Z",
    "expires_at": "2026-01-09T04:58:01Z"
  }
},
{
  "model": "token_blacklist.outstandingtoken",
  "pk": 20,
  "fields": {
    "user": [
      "dselvajagan@gmail.com"
    ],
    "jti": "b6db2868ce3c4545970ed90ccd5de43a",
    "token": "eyJhbGciOiJIUzI1NiIsInR5cCI6IkpXVCJ9.eyJ0b2tlbl90eXBlIjoicmVmcmVzaCIsImV4cCI6MTc2NzkzNDY5OSwiaWF0IjoxNzY3MzI5ODk5LCJqdGkiOiJiNmRiMjg2OGNlM2M0NTQ1OTcwZWQ5MGNjZDVkZTQzYSIsInVzZXJfaWQiOiIxIn0.NBNv1gcEpmdwiC2tRKfkJkvXmgIDZEZvnn7wbn6Euvk",
    "created_at": "2026-01-02T04:58:19.878Z",
    "expires_at": "2026-01-09T04:58:19Z"
  }
},
{
  "model": "token_blacklist.outstandingtoken",
  "pk": 21,
  "fields": {
    "user": [
      "dselvajagan@gmail.com"
    ],
    "jti": "e1da838b443a403c88d8b71b5269cdf2",
    "token": "eyJhbGciOiJIUzI1NiIsInR5cCI6IkpXVCJ9.eyJ0b2tlbl90eXBlIjoicmVmcmVzaCIsImV4cCI6MTc2Nzk1NTk1NiwiaWF0IjoxNzY3MzUxMTU2LCJqdGkiOiJlMWRhODM4YjQ0M2E0MDNjODhkOGI3MWI1MjY5Y2RmMiIsInVzZXJfaWQiOiIxIn0.1jT8wARgzBRDgSLSZCZJJugFX45zIHJZcGUHm7ROZfU",
    "created_at": "2026-01-02T10:52:36.447Z",
    "expires_at": "2026-01-09T10:52:36Z"
  }
},
{
  "model": "token_blacklist.outstandingtoken",
  "pk": 22,
  "fields": {
    "user": [
      "dselvajagan@gmail.com"
    ],
    "jti": "a7c1d4038c85463ba703c18cbc90e884",
    "token": "eyJhbGciOiJIUzI1NiIsInR5cCI6IkpXVCJ9.eyJ0b2tlbl90eXBlIjoicmVmcmVzaCIsImV4cCI6MTc2Nzk2MjYxNCwiaWF0IjoxNzY3MzU3ODE0LCJqdGkiOiJhN2MxZDQwMzhjODU0NjNiYTcwM2MxOGNiYzkwZTg4NCIsInVzZXJfaWQiOiIxIn0.ZCQrO5L_t_D4-ChgAvlvIemTJQJo_De7qSQjD-KCBVE",
    "created_at": "2026-01-02T12:43:34.148Z",
    "expires_at": "2026-01-09T12:43:34Z"
  }
},
{
  "model": "token_blacklist.outstandingtoken",
  "pk": 23,
  "fields": {
    "user": [
      "dselvajagan@gmail.com"
    ],
    "jti": "8d3305ede4ac47068f258d6ab3a15de2",
    "token": "eyJhbGciOiJIUzI1NiIsInR5cCI6IkpXVCJ9.eyJ0b2tlbl90eXBlIjoicmVmcmVzaCIsImV4cCI6MTc2ODAwNDE4NSwiaWF0IjoxNzY3Mzk5Mzg1LCJqdGkiOiI4ZDMzMDVlZGU0YWM0NzA2OGYyNThkNmFiM2ExNWRlMiIsInVzZXJfaWQiOiIxIn0.zJmZ-G0vO4_UWEUz818qynQUFepBQSZe5ZLBGaWIALI",
    "created_at": "2026-01-03T00:16:25.234Z",
    "expires_at": "2026-01-10T00:16:25Z"
  }
},
{
  "model": "token_blacklist.outstandingtoken",
  "pk": 24,
  "fields": {
    "user": [
      "dselvajagan@gmail.com"
    ],
    "jti": "8fea46a063f34ae392bacf15535ddaaa",
    "token": "eyJhbGciOiJIUzI1NiIsInR5cCI6IkpXVCJ9.eyJ0b2tlbl90eXBlIjoicmVmcmVzaCIsImV4cCI6MTc2ODAxMTI1MiwiaWF0IjoxNzY3NDA2NDUyLCJqdGkiOiI4ZmVhNDZhMDYzZjM0YWUzOTJiYWNmMTU1MzVkZGFhYSIsInVzZXJfaWQiOiIxIn0.e-q_uvUBzluXvvAN6r44dLABa-Iq2CjDsNeNUO7Qgt0",
    "created_at": "2026-01-03T02:14:12.641Z",
    "expires_at": "2026-01-10T02:14:12Z"
  }
},
{
  "model": "token_blacklist.outstandingtoken",
  "pk": 25,
  "fields": {
    "user": [
      "nadardselva@gmail.com"
    ],
    "jti": "a66b9292b0044547b101ccbe97f64b99",
    "token": "eyJhbGciOiJIUzI1NiIsInR5cCI6IkpXVCJ9.eyJ0b2tlbl90eXBlIjoicmVmcmVzaCIsImV4cCI6MTc2ODA0MDE3MywiaWF0IjoxNzY3NDM1MzczLCJqdGkiOiJhNjZiOTI5MmIwMDQ0NTQ3YjEwMWNjYmU5N2Y2NGI5OSIsInVzZXJfaWQiOiIyIn0.Ag4rmK5yW0chVFkVlQl60wWzoeO5PuE4RC3fs7o1Zrs",
    "created_at": "2026-01-03T10:16:13.645Z",
    "expires_at": "2026-01-10T10:16:13Z"
  }
},
{
  "model": "token_blacklist.outstandingtoken",
  "pk": 26,
  "fields": {
    "user": [
      "dselvajagan@gmail.com"
    ],
    "jti": "158beaa124d94d619a19b154f92c1cb4",
    "token": "eyJhbGciOiJIUzI1NiIsInR5cCI6IkpXVCJ9.eyJ0b2tlbl90eXBlIjoicmVmcmVzaCIsImV4cCI6MTc2ODA0MDIyMywiaWF0IjoxNzY3NDM1NDIzLCJqdGkiOiIxNThiZWFhMTI0ZDk0ZDYxOWExOWIxNTRmOTJjMWNiNCIsInVzZXJfaWQiOiIxIn0.gn1JRJSftrfJ-naABIZGODDI1iJSyc0y_kLWsD7QwXg",
    "created_at": "2026-01-03T10:17:03.796Z",
    "expires_at": "2026-01-10T10:17:03Z"
  }
},
{
  "model": "token_blacklist.outstandingtoken",
  "pk": 27,
  "fields": {
    "user": [
      "nadardselva@gmail.com"
    ],
    "jti": "fe1a07c8300940b7847b2113528851a6",
    "token": "eyJhbGciOiJIUzI1NiIsInR5cCI6IkpXVCJ9.eyJ0b2tlbl90eXBlIjoicmVmcmVzaCIsImV4cCI6MTc2ODA0MDgyNSwiaWF0IjoxNzY3NDM2MDI1LCJqdGkiOiJmZTFhMDdjODMwMDk0MGI3ODQ3YjIxMTM1Mjg4NTFhNiIsInVzZXJfaWQiOiIyIn0.tXqX0MhPl0gcjo4-QVqHxNud2xuFHYq3oQHe42OATPU",
    "created_at": "2026-01-03T10:27:05.038Z",
    "expires_at": "2026-01-10T10:27:05Z"
  }
},
{
  "model": "token_blacklist.outstandingtoken",
  "pk": 28,
  "fields": {
    "user": [
      "dselvajagan@gmail.com"
    ],
    "jti": "54263053318e4ec0bdf4936a339ae8f7",
    "token": "eyJhbGciOiJIUzI1NiIsInR5cCI6IkpXVCJ9.eyJ0b2tlbl90eXBlIjoicmVmcmVzaCIsImV4cCI6MTc2ODA0MTAxNiwiaWF0IjoxNzY3NDM2MjE2LCJqdGkiOiI1NDI2MzA1MzMxOGU0ZWMwYmRmNDkzNmEzMzlhZThmNyIsInVzZXJfaWQiOiIxIn0.llV5dNHhzZEMBn1of9bIA6xxI6lH4fX-AxR_Zns26G0",
    "created_at": "2026-01-03T10:30:16.245Z",
    "expires_at": "2026-01-10T10:30:16Z"
  }
},
{
  "model": "token_blacklist.outstandingtoken",
  "pk": 29,
  "fields": {
    "user": [
      "nadardselva@gmail.com"
    ],
    "jti": "8c1a9ab8deb144aaa7f62907b216c954",
    "token": "eyJhbGciOiJIUzI1NiIsInR5cCI6IkpXVCJ9.eyJ0b2tlbl90eXBlIjoicmVmcmVzaCIsImV4cCI6MTc2ODA0MTA0MCwiaWF0IjoxNzY3NDM2MjQwLCJqdGkiOiI4YzFhOWFiOGRlYjE0NGFhYTdmNjI5MDdiMjE2Yzk1NCIsInVzZXJfaWQiOiIyIn0.OQc5F8ynHFOkpW6AJTCEB55YIU9y6TZo_r1HbT2v8Jw",
    "created_at": "2026-01-03T10:30:40.931Z",
    "expires_at": "2026-01-10T10:30:40Z"
  }
},
{
  "model": "token_blacklist.outstandingtoken",
  "pk": 30,
  "fields": {
    "user": [
      "dselvajagan@gmail.com"
    ],
    "jti": "1a8c17555cc1421b91d3fe215c0f681c",
    "token": "eyJhbGciOiJIUzI1NiIsInR5cCI6IkpXVCJ9.eyJ0b2tlbl90eXBlIjoicmVmcmVzaCIsImV4cCI6MTc2ODA0MTA4MywiaWF0IjoxNzY3NDM2MjgzLCJqdGkiOiIxYThjMTc1NTVjYzE0MjFiOTFkM2ZlMjE1YzBmNjgxYyIsInVzZXJfaWQiOiIxIn0.5fiCc9gS86422ietk0npqmGr_9QihcpdPqwwnPEOhFM",
    "created_at": "2026-01-03T10:31:23.430Z",
    "expires_at": "2026-01-10T10:31:23Z"
  }
},
{
  "model": "token_blacklist.outstandingtoken",
  "pk": 31,
  "fields": {
    "user": [
      "dselvajagan@gmail.com"
    ],
    "jti": "39dfb1e0948742018f33f50960fb3bc4",
    "token": "eyJhbGciOiJIUzI1NiIsInR5cCI6IkpXVCJ9.eyJ0b2tlbl90eXBlIjoicmVmcmVzaCIsImV4cCI6MTc2ODA0NjQxMSwiaWF0IjoxNzY3NDQxNjExLCJqdGkiOiIzOWRmYjFlMDk0ODc0MjAxOGYzM2Y1MDk2MGZiM2JjNCIsInVzZXJfaWQiOiIxIn0.sMEX27J6ov59O2BQ3SoUdi6Y5L2bEYsyPhM_FPJRnSQ",
    "created_at": "2026-01-03T12:00:11.540Z",
    "expires_at": "2026-01-10T12:00:11Z"
  }
},
{
  "model": "token_blacklist.blacklistedtoken",
  "pk": 1,
  "fields": {
    "token": 1,
    "blacklisted_at": "2026-01-01T08:26:05.802Z"
  }
},
{
  "model": "token_blacklist.blacklistedtoken",
  "pk": 2,
  "fields": {
    "token": 2,
    "blacklisted_at": "2026-01-01T08:27:03.020Z"
  }
},
{
  "model": "token_blacklist.blacklistedtoken",
  "pk": 3,
  "fields": {
    "token": 4,
    "blacklisted_at": "2026-01-01T09:25:35.136Z"
  }
},
{
  "model": "token_blacklist.blacklistedtoken",
  "pk": 4,
  "fields": {
    "token": 7,
    "blacklisted_at": "2026-01-01T09:38:40.949Z"
  }
},
{
  "model": "token_blacklist.blacklistedtoken",
  "pk": 5,
  "fields": {
    "token": 8,
    "blacklisted_at": "2026-01-01T09:39:02.772Z"
  }
},
{
  "model": "token_blacklist.blacklistedtoken",
  "pk": 6,
  "fields": {
    "token": 9,
    "blacklisted_at": "2026-01-01T09:59:36.967Z"
  }
},
{
  "model": "token_blacklist.blacklistedtoken",
  "pk": 7,
  "fields": {
    "token": 10,
    "blacklisted_at": "2026-01-01T10:43:06.325Z"
  }
},
{
  "model": "token_blacklist.blacklistedtoken",
  "pk": 8,
  "fields": {
    "token": 11,
    "blacklisted_at": "2026-01-01T12:29:29.555Z"
  }
},
{
  "model": "token_blacklist.blacklistedtoken",
  "pk": 9,
  "fields": {
    "token": 17,
    "blacklisted_at": "2026-01-02T04:24:02.459Z"
  }
},
{
  "model": "token_blacklist.blacklistedtoken",
  "pk": 10,
  "fields": {
    "token": 18,
    "blacklisted_at": "2026-01-02T04:57:09.151Z"
  }
},
{
  "model": "token_blacklist.blacklistedtoken",
  "pk": 11,
  "fields": {
    "token": 19,
    "blacklisted_at": "2026-01-02T04:58:13.692Z"
  }
},
{
  "model": "token_blacklist.blacklistedtoken",
  "pk": 12,
  "fields": {
    "token": 20,
    "blacklisted_at": "2026-01-02T12:43:18.298Z"
  }
},
{
  "model": "token_blacklist.blacklistedtoken",
  "pk": 13,
  "fields": {
    "token": 23,
    "blacklisted_at": "2026-01-03T02:14:00.542Z"
  }
},
{
  "model": "token_blacklist.blacklistedtoken",
  "pk": 14,
  "fields": {
    "token": 24,
    "blacklisted_at": "2026-01-03T10:15:28.542Z"
  }
},
{
  "model": "token_blacklist.blacklistedtoken",
  "pk": 15,
  "fields": {
    "token": 25,
    "blacklisted_at": "2026-01-03T10:18:32.438Z"
  }
},
{
  "model": "token_blacklist.blacklistedtoken",
  "pk": 16,
  "fields": {
    "token": 27,
    "blacklisted_at": "2026-01-03T10:30:08.394Z"
  }
},
{
  "model": "token_blacklist.blacklistedtoken",
  "pk": 17,
  "fields": {
    "token": 28,
    "blacklisted_at": "2026-01-03T10:30:28.668Z"
  }
},
{
  "model": "token_blacklist.blacklistedtoken",
  "pk": 18,
  "fields": {
    "token": 29,
    "blacklisted_at": "2026-01-03T10:30:55.313Z"
  }
},
{
  "model": "token_blacklist.blacklistedtoken",
  "pk": 19,
  "fields": {
    "token": 30,
    "blacklisted_at": "2026-01-03T11:59:59.570Z"
  }
},
{
  "model": "content.content",
  "pk": 1,
  "fields": {
    "key": "hero.slides",
    "value": [
      {
        "title": "Study In Recognized Universities!",
        "description": "We help students secure admissions in top global universities with end-to-end visa support."
      },
      {
        "title": "Build Your Global Career",
        "description": "Expert immigration consultants guiding you through every step of your journey abroad."
      },
      {
        "title": "Trusted Visa & Migration Experts",
        "description": "Professional assistance for student, work, and permanent residency visas."
      }
    ],
    "content_type": "list",
    "page": "home",
    "locale": "en",
    "is_published": true,
    "order": 1,
    "updated_at": "2025-12-31T09:24:14.980Z"
  }
},
{
  "model": "content.content",
  "pk": 4,
  "fields": {
    "key": "hero.images",
    "value": [
      {
        "url": "https://picsum.photos/id/1011/600/800",
        "alt": "Study abroad campus"
      },
      {
        "url": "https://picsum.photos/id/1015/600/800",
        "alt": "International students"
      },
      {
        "url": "https://picsum.photos/id/1024/600/800",
        "alt": "Global education"
      }
    ],
    "content_type": "list",
    "page": "home",
    "locale": "en",
    "is_published": true,
    "order": 2,
    "updated_at": "2025-12-31T08:53:30.006Z"
  }
},
{
  "model": "content.content",
  "pk": 5,
  "fields": {
    "key": "hero.cta",
    "value": {
      "label": "More Details",
      "href": "/contact"
    },
    "content_type": "object",
    "page": "home",
    "locale": "en",
    "is_published": true,
    "order": 3,
    "updated_at": "2025-12-31T09:24:19.751Z"
  }
},
{
  "model": "content.content",
  "pk": 6,
  "fields": {
    "key": "info.header",
    "value": {
      "eyebrow": "Welcome to Immigo",
      "title": "A One-Stop Solution For All",
      "highlight": "Your Visa Needs"
    },
    "content_type": "object",
    "page": "home",
    "locale": "en",
    "is_published": true,
    "order": 10,
    "updated_at": "2025-12-31T09:24:05.593Z"
  }
},
{
  "model": "content.content",
  "pk": 7,
  "fields": {
    "key": "info.cards",
    "value": [
      {
        "title": "Visa Expiring or Expired",
        "description": "Understand your options and next steps.",
        "buttonText": "Online Services",
        "buttonLink": "#"
      },
      {
        "title": "Immigration Support",
        "description": "Guidance from registered professionals.",
        "buttonText": "Get Help",
        "buttonLink": "#"
      },
      {
        "title": "Document Review",
        "description": "Ensure your paperwork is correct.",
        "buttonText": "Start Review",
        "buttonLink": "#"
      },
      {
        "title": "Legal Compliance",
        "description": "Stay compliant with current laws.",
        "buttonText": "Learn More",
        "buttonLink": "#"
      }
    ],
    "content_type": "list",
    "page": "home",
    "locale": "en",
    "is_published": true,
    "order": 11,
    "updated_at": "2025-12-31T09:05:49.777Z"
  }
},
{
  "model": "content.content",
  "pk": 8,
  "fields": {
    "key": "visa.header",
    "value": {
      "eyebrow": "Our Services",
      "title": "Visa Solutions Built for You",
      "description": "Explore migration pathways tailored to your education, career, business, and travel goals."
    },
    "content_type": "object",
    "page": "home",
    "locale": "en",
    "is_published": true,
    "order": 20,
    "updated_at": "2025-12-31T09:31:11.053Z"
  }
},
{
  "model": "content.content",
  "pk": 9,
  "fields": {
    "key": "visa.services",
    "value": [
      {
        "index": "01",
        "title": "Student Visa",
        "description": "Foresee the pain and trouble that are bound to ensue when pursuing education abroad without proper guidance.",
        "image": "https://migrationreviews.com/1124/wp-content/uploads/2025/08/visa-1.jpg",
        "items": [
          "F1 Student Visa",
          "J1 Exchange Visitor Visa",
          "Non-Academic Student Visa"
        ],
        "href": "/visas/student"
      },
      {
        "index": "02",
        "title": "Residence Visa",
        "description": "Explore permanent and temporary residence pathways with expert support at every step.",
        "image": "https://migrationreviews.com/1124/wp-content/uploads/2025/08/visa-2.jpg",
        "items": [
          "Permanent Residence Visa",
          "Humanitarian Residence",
          "Temporary Residence Visa"
        ],
        "href": "/visas/residence"
      },
      {
        "index": "03",
        "title": "Business Visa",
        "description": "Professional assistance for entrepreneurs, investors, and skilled professionals expanding globally.",
        "image": "https://migrationreviews.com/1124/wp-content/uploads/2025/08/visa-3.jpg",
        "items": [
          "Business Visa",
          "Employment Visa",
          "Project Visa"
        ],
        "href": "/visas/business"
      },
      {
        "index": "04",
        "title": "Tourist Visa",
        "description": "Comprehensive tourist visa services for hassle-free international travel experiences.",
        "image": "https://migrationreviews.com/1124/wp-content/uploads/2025/08/visa-4.jpg",
        "items": [
          "Tourist Visa",
          "Short-Term Visit Visa",
          "Travel Documentation Support"
        ],
        "href": "/visas/tourist"
      }
    ],
    "content_type": "list",
    "page": "home",
    "locale": "en",
    "is_published": true,
    "order": 21,
    "updated_at": "2025-12-31T10:05:39.137Z"
  }
},
{
  "model": "content.content",
  "pk": 10,
  "fields": {
    "key": "about.images",
    "value": [
      {
        "src": "https://migrationreviews.com/1123/wp-content/uploads/2022/02/about-1.jpg",
        "alt": "Immigration consultation"
      },
      {
        "src": "https://migrationreviews.com/1123/wp-content/uploads/2022/02/about-2.jpg",
        "alt": "Client consultation"
      },
      {
        "src": "https://migrationreviews.com/1123/wp-content/uploads/2022/02/about-3.jpg",
        "alt": "Immigration services"
      }
    ],
    "content_type": "list",
    "page": "home",
    "locale": "en",
    "is_published": true,
    "order": 30,
    "updated_at": "2025-12-31T09:36:13.089Z"
  }
},
{
  "model": "content.content",
  "pk": 11,
  "fields": {
    "key": "about.experience",
    "value": {
      "years": 14,
      "label": "Years of Experience"
    },
    "content_type": "object",
    "page": "home",
    "locale": "en",
    "is_published": true,
    "order": 31,
    "updated_at": "2025-12-31T09:36:45.223Z"
  }
},
{
  "model": "content.content",
  "pk": 12,
  "fields": {
    "key": "about.header",
    "value": {
      "eyebrow": "About Immigo",
      "title": "Trusted Immigration Consulting Experts"
    },
    "content_type": "object",
    "page": "home",
    "locale": "en",
    "is_published": true,
    "order": 32,
    "updated_at": "2025-12-31T09:37:12.502Z"
  }
},
{
  "model": "content.content",
  "pk": 13,
  "fields": {
    "key": "about.highlight",
    "value": {
      "eyebrow": "U.S. Based",
      "title": "Immigration Consultant Agency",
      "icon": "https://migrationreviews.com/1123/wp-content/themes/immigo/assets/images/icons/icon-4.png"
    },
    "content_type": "object",
    "page": "home",
    "locale": "en",
    "is_published": true,
    "order": 33,
    "updated_at": "2025-12-31T09:37:36.115Z"
  }
},
{
  "model": "content.content",
  "pk": 14,
  "fields": {
    "key": "about.description",
    "value": "All this mistaken idea of denouncing pleasure and praising pain was born and will give you a complete account of the system, expound the actual teachings of the great explorer of the truth, and the master-builder of human happiness.",
    "content_type": "text",
    "page": "home",
    "locale": "en",
    "is_published": true,
    "order": 34,
    "updated_at": "2025-12-31T09:38:32.486Z"
  }
},
{
  "model": "content.content",
  "pk": 15,
  "fields": {
    "key": "about.cta",
    "value": {
      "label": "Learn More",
      "href": "/about"
    },
    "content_type": "object",
    "page": "home",
    "locale": "en",
    "is_published": true,
    "order": 0,
    "updated_at": "2025-12-31T09:45:55.840Z"
  }
},
{
  "model": "content.content",
  "pk": 16,
  "fields": {
    "key": "countries.header",
    "value": {
      "eyebrow": "Countries We Serve",
      "title": "Explore Popular Migration Destinations",
      "description": "Choose from top countries offering education, work, and permanent residency opportunities."
    },
    "content_type": "object",
    "page": "home",
    "locale": "en",
    "is_published": true,
    "order": 40,
    "updated_at": "2025-12-31T10:33:06.285Z"
  }
},
{
  "model": "content.content",
  "pk": 18,
  "fields": {
    "key": "countries.filters",
    "value": {
      "education": "Education",
      "immigration": "Immigration",
      "business": "Business"
    },
    "content_type": "object",
    "page": "home",
    "locale": "en",
    "is_published": true,
    "order": 41,
    "updated_at": "2025-12-31T10:33:10.527Z"
  }
},
{
  "model": "content.content",
  "pk": 19,
  "fields": {
    "key": "why_choose.header",
    "value": {
      "eyebrow": "Why Choose Us",
      "title": "Offer Tailor-Made Services That",
      "highlight": "Our Clients Require"
    },
    "content_type": "object",
    "page": "home",
    "locale": "en",
    "is_published": true,
    "order": 50,
    "updated_at": "2025-12-31T10:45:52.201Z"
  }
},
{
  "model": "content.content",
  "pk": 20,
  "fields": {
    "key": "why_choose.items",
    "value": [
      {
        "title": "Direct Interviews",
        "description": "Expound actual teachings to the great explorers of truth.",
        "icon": "https://migrationreviews.com/1123/wp-content/uploads/2022/03/job-interview-1.svg",
        "href": "/about"
      },
      {
        "title": "Faster Processing",
        "description": "Give you a complete account of the system and procedures.",
        "icon": "https://migrationreviews.com/1123/wp-content/uploads/2022/03/worldwide-1.svg",
        "href": "/about"
      },
      {
        "title": "Visa Assistance",
        "description": "Professional visa guidance for individuals and businesses.",
        "icon": "https://migrationreviews.com/1123/wp-content/uploads/2022/03/video-call-1.svg",
        "href": "/about"
      },
      {
        "title": "Cost-Effective",
        "description": "Affordable solutions without compromising service quality.",
        "icon": "https://migrationreviews.com/1123/wp-content/uploads/2022/03/receipt-1.svg",
        "href": "/about"
      }
    ],
    "content_type": "list",
    "page": "home",
    "locale": "en",
    "is_published": true,
    "order": 51,
    "updated_at": "2025-12-31T10:47:41.814Z"
  }
},
{
  "model": "content.content",
  "pk": 21,
  "fields": {
    "key": "testimonials.header",
    "value": {
      "eyebrow": "Client Reviews",
      "title": "Feedback From Our Clients"
    },
    "content_type": "object",
    "page": "home",
    "locale": "en",
    "is_published": true,
    "order": 60,
    "updated_at": "2025-12-31T11:07:56.368Z"
  }
},
{
  "model": "content.content",
  "pk": 22,
  "fields": {
    "key": "news.header",
    "value": {
      "eyebrow": "News & Updates",
      "title": "Read Our Latest Insights"
    },
    "content_type": "object",
    "page": "home",
    "locale": "en",
    "is_published": true,
    "order": 60,
    "updated_at": "2025-12-31T11:20:10.992Z"
  }
},
{
  "model": "content.content",
  "pk": 23,
  "fields": {
    "key": "review.hero.messages",
    "value": [
      {
        "title": "Trusted company reviews",
        "subtitle": "Honest customer experiences..."
      },
      {
        "title": "Make confident decisions",
        "subtitle": "Compare companies..."
      },
      {
        "title": "Real voices, real impact",
        "subtitle": "Discover what customers actually think..."
      }
    ],
    "content_type": "list",
    "page": "review",
    "locale": "en",
    "is_published": true,
    "order": 1,
    "updated_at": "2025-12-31T13:09:08.433Z"
  }
},
{
  "model": "content.content",
  "pk": 24,
  "fields": {
    "key": "testimonials.items",
    "value": [
      {
        "id": 1,
        "title": "Thank You Immigo!",
        "text": "Immigo visa consultancy is the best we came across while doing market research & migrating to Canada.",
        "author": "Nora Penelope",
        "country": "Switzerland",
        "date": "February 3, 2022",
        "rating": 4,
        "image": "https://migrationreviews.com/1123/wp-content/uploads/2022/02/testimonial-2.jpg"
      },
      {
        "id": 2,
        "title": "Smooth & Efficient Service!",
        "text": "Quisque Consultancy is definitely a highly recommended canadian migration agency.",
        "author": "Silverster Scott",
        "country": "Netherland",
        "date": "February 3, 2022",
        "rating": 3,
        "image": "https://migrationreviews.com/1123/wp-content/uploads/2022/02/testimonial-1.jpg"
      },
      {
        "id": 3,
        "title": "Highly Recommended!",
        "text": "Awesome customer service, they know what they are doing.",
        "author": "Arlo Sebastian",
        "country": "Australia",
        "date": "February 3, 2022",
        "rating": 5,
        "image": "https://migrationreviews.com/1123/wp-content/uploads/2022/02/testimonial-3.jpg"
      },
      {
        "id": 4,
        "title": "Thank You Immigo!",
        "text": "Immigo visa consultancy is the best we came across while doing market research & migrating to Canada.",
        "author": "Nora Penelope",
        "country": "Switzerland",
        "date": "February 3, 2022",
        "rating": 4,
        "image": "https://migrationreviews.com/1123/wp-content/uploads/2022/02/testimonial-2.jpg"
      },
      {
        "id": 5,
        "title": "Smooth & Efficient Service!",
        "text": "Quisque Consultancy is definitely a highly recommended canadian migration agency.",
        "author": "Silverster Scott",
        "country": "Netherland",
        "date": "February 3, 2022",
        "rating": 3,
        "image": "https://migrationreviews.com/1123/wp-content/uploads/2022/02/testimonial-1.jpg"
      },
      {
        "id": 6,
        "title": "Highly Recommended!",
        "text": "Awesome customer service, they know what they are doing.",
        "author": "Arlo Sebastian",
        "country": "Australia",
        "date": "February 3, 2022",
        "rating": 5,
        "image": "https://migrationreviews.com/1123/wp-content/uploads/2022/02/testimonial-3.jpg"
      }
    ],
    "content_type": "list",
    "page": "home",
    "locale": "en",
    "is_published": true,
    "order": 61,
    "updated_at": "2026-01-02T12:52:40.594Z"
  }
},
{
  "model": "company.companycategory",
  "pk": 1,
  "fields": {
    "name": "Technology",
    "slug": "technology"
  }
},
{
  "model": "company.companycategory",
  "pk": 2,
  "fields": {
    "name": "Finance",
    "slug": "finance"
  }
},
{
  "model": "company.companycategory",
  "pk": 3,
  "fields": {
    "name": "E-Commerce",
    "slug": "ecommerce"
  }
},
{
  "model": "company.companycategory",
  "pk": 4,
  "fields": {
    "name": "Education",
    "slug": "education"
  }
},
{
  "model": "company.company",
  "pk": 1,
  "fields": {
    "owner": null,
    "name": "Google",
    "slug": "google",
    "tagline": "Organizing the world's information",
    "description": "Global technology company specializing in internet services.",
    "logo": "",
    "cover_image": "",
    "website": "https://google.com",
    "category": 1,
    "rating_average": "3.24",
    "rating_count": 21,
    "is_verified": true,
    "is_active": true,
    "meta_title": "",
    "meta_description": "",
    "created_at": "2025-12-31T13:59:03.451Z",
    "updated_at": "2025-12-31T13:59:03.451Z"
  }
},
{
  "model": "company.company",
  "pk": 2,
  "fields": {
    "owner": null,
    "name": "Amazon",
    "slug": "amazon",
    "tagline": "Everything you need, delivered",
    "description": "E-commerce and cloud computing giant.",
    "logo": "",
    "cover_image": "",
    "website": "https://amazon.com",
    "category": 3,
    "rating_average": "4.00",
    "rating_count": 5,
    "is_verified": true,
    "is_active": true,
    "meta_title": "",
    "meta_description": "",
    "created_at": "2025-12-31T13:59:03.452Z",
    "updated_at": "2025-12-31T13:59:03.452Z"
  }
},
{
  "model": "company.company",
  "pk": 3,
  "fields": {
    "owner": null,
    "name": "Microsoft",
    "slug": "microsoft",
    "tagline": "Empowering every person",
    "description": "Software, cloud, and enterprise services company.",
    "logo": "",
    "cover_image": "",
    "website": "https://microsoft.com",
    "category": 1,
    "rating_average": "2.00",
    "rating_count": 1,
    "is_verified": true,
    "is_active": true,
    "meta_title": "",
    "meta_description": "",
    "created_at": "2025-12-31T13:59:03.452Z",
    "updated_at": "2025-12-31T13:59:03.452Z"
  }
},
{
  "model": "company.company",
  "pk": 4,
  "fields": {
    "owner": null,
    "name": "PayPal",
    "slug": "paypal",
    "tagline": "The safer way to pay",
    "description": "Online payments and financial services platform.",
    "logo": "",
    "cover_image": "",
    "website": "https://paypal.com",
    "category": 2,
    "rating_average": "3.92",
    "rating_count": 8234,
    "is_verified": true,
    "is_active": true,
    "meta_title": "",
    "meta_description": "",
    "created_at": "2025-12-31T13:59:03.452Z",
    "updated_at": "2025-12-31T13:59:03.452Z"
  }
},
{
  "model": "company.company",
  "pk": 5,
  "fields": {
    "owner": null,
    "name": "Stripe",
    "slug": "stripe",
    "tagline": "Payments infrastructure for the internet",
    "description": "Online payment processing platform.",
    "logo": "",
    "cover_image": "",
    "website": "https://stripe.com",
    "category": 2,
    "rating_average": "3.67",
    "rating_count": 3,
    "is_verified": true,
    "is_active": true,
    "meta_title": "",
    "meta_description": "",
    "created_at": "2025-12-31T13:59:03.453Z",
    "updated_at": "2025-12-31T13:59:03.453Z"
  }
},
{
  "model": "company.company",
  "pk": 6,
  "fields": {
    "owner": null,
    "name": "Flipkart",
    "slug": "flipkart",
    "tagline": "India's leading e-commerce marketplace",
    "description": "Major Indian e-commerce platform.",
    "logo": "",
    "cover_image": "",
    "website": "https://flipkart.com",
    "category": 3,
    "rating_average": "3.88",
    "rating_count": 11932,
    "is_verified": true,
    "is_active": true,
    "meta_title": "",
    "meta_description": "",
    "created_at": "2025-12-31T13:59:03.453Z",
    "updated_at": "2025-12-31T13:59:03.453Z"
  }
},
{
  "model": "company.company",
  "pk": 7,
  "fields": {
    "owner": null,
    "name": "Coursera",
    "slug": "coursera",
    "tagline": "Learn without limits",
    "description": "Online learning platform.",
    "logo": "",
    "cover_image": "",
    "website": "https://coursera.org",
    "category": 4,
    "rating_average": "2.00",
    "rating_count": 1,
    "is_verified": true,
    "is_active": true,
    "meta_title": "",
    "meta_description": "",
    "created_at": "2025-12-31T13:59:03.453Z",
    "updated_at": "2025-12-31T13:59:03.453Z"
  }
},
{
  "model": "company.company",
  "pk": 8,
  "fields": {
    "owner": null,
    "name": "Udemy",
    "slug": "udemy",
    "tagline": "Learn anything",
    "description": "Online course marketplace.",
    "logo": "",
    "cover_image": "",
    "website": "https://udemy.com",
    "category": 4,
    "rating_average": "4.00",
    "rating_count": 1,
    "is_verified": true,
    "is_active": true,
    "meta_title": "",
    "meta_description": "",
    "created_at": "2025-12-31T13:59:03.454Z",
    "updated_at": "2025-12-31T13:59:03.454Z"
  }
},
{
  "model": "company.company",
  "pk": 9,
  "fields": {
    "owner": null,
    "name": "Zoho",
    "slug": "zoho",
    "tagline": "Business software for everyone",
    "description": "SaaS company providing business tools.",
    "logo": "",
    "cover_image": "",
    "website": "https://zoho.com",
    "category": 1,
    "rating_average": "4.34",
    "rating_count": 4321,
    "is_verified": true,
    "is_active": true,
    "meta_title": "",
    "meta_description": "",
    "created_at": "2025-12-31T13:59:03.454Z",
    "updated_at": "2025-12-31T13:59:03.454Z"
  }
},
{
  "model": "company.company",
  "pk": 10,
  "fields": {
    "owner": null,
    "name": "Infosys",
    "slug": "infosys",
    "tagline": "Navigate your next",
    "description": "Global IT consulting company.",
    "logo": "",
    "cover_image": "",
    "website": "https://infosys.com",
    "category": 1,
    "rating_average": "3.76",
    "rating_count": 9321,
    "is_verified": true,
    "is_active": true,
    "meta_title": "",
    "meta_description": "",
    "created_at": "2025-12-31T13:59:03.454Z",
    "updated_at": "2025-12-31T13:59:03.454Z"
  }
},
{
  "model": "company.company",
  "pk": 11,
  "fields": {
    "owner": null,
    "name": "Swiggy",
    "slug": "swiggy",
    "tagline": "Food delivered fast",
    "description": "Food delivery platform.",
    "logo": "",
    "cover_image": "",
    "website": "https://swiggy.com",
    "category": 3,
    "rating_average": "3.94",
    "rating_count": 18231,
    "is_verified": true,
    "is_active": true,
    "meta_title": "",
    "meta_description": "",
    "created_at": "2025-12-31T13:59:03.454Z",
    "updated_at": "2025-12-31T13:59:03.454Z"
  }
},
{
  "model": "company.company",
  "pk": 12,
  "fields": {
    "owner": null,
    "name": "Zomato",
    "slug": "zomato",
    "tagline": "Discover great food",
    "description": "Restaurant discovery and delivery.",
    "logo": "",
    "cover_image": "",
    "website": "https://zomato.com",
    "category": 3,
    "rating_average": "4.01",
    "rating_count": 16543,
    "is_verified": true,
    "is_active": true,
    "meta_title": "",
    "meta_description": "",
    "created_at": "2025-12-31T13:59:03.455Z",
    "updated_at": "2025-12-31T13:59:03.455Z"
  }
},
{
  "model": "company.company",
  "pk": 13,
  "fields": {
    "owner": null,
    "name": "HDFC Bank",
    "slug": "hdfc-bank",
    "tagline": "India's leading private bank",
    "description": "Major Indian banking institution.",
    "logo": "",
    "cover_image": "",
    "website": "https://hdfcbank.com",
    "category": 2,
    "rating_average": "3.68",
    "rating_count": 7421,
    "is_verified": true,
    "is_active": true,
    "meta_title": "",
    "meta_description": "",
    "created_at": "2025-12-31T13:59:03.455Z",
    "updated_at": "2025-12-31T13:59:03.455Z"
  }
},
{
  "model": "company.company",
  "pk": 14,
  "fields": {
    "owner": null,
    "name": "ICICI Bank",
    "slug": "icici-bank",
    "tagline": "Trusted banking partner",
    "description": "Private sector bank in India.",
    "logo": "",
    "cover_image": "",
    "website": "https://icicibank.com",
    "category": 2,
    "rating_average": "3.74",
    "rating_count": 6892,
    "is_verified": true,
    "is_active": true,
    "meta_title": "",
    "meta_description": "",
    "created_at": "2025-12-31T13:59:03.455Z",
    "updated_at": "2025-12-31T13:59:03.455Z"
  }
},
{
  "model": "company.company",
  "pk": 15,
  "fields": {
    "owner": null,
    "name": "Byju's",
    "slug": "byjus",
    "tagline": "Learning made easy",
    "description": "Ed-tech learning platform.",
    "logo": "",
    "cover_image": "",
    "website": "https://byjus.com",
    "category": 4,
    "rating_average": "4.00",
    "rating_count": 2,
    "is_verified": false,
    "is_active": true,
    "meta_title": "",
    "meta_description": "",
    "created_at": "2025-12-31T13:59:03.456Z",
    "updated_at": "2025-12-31T13:59:03.456Z"
  }
},
{
  "model": "company.company",
  "pk": 16,
  "fields": {
    "owner": null,
    "name": "Spotify",
    "slug": "spotify",
    "tagline": "Music for everyone",
    "description": "Music streaming service.",
    "logo": "",
    "cover_image": "",
    "website": "https://spotify.com",
    "category": 1,
    "rating_average": "3.00",
    "rating_count": 1,
    "is_verified": true,
    "is_active": true,
    "meta_title": "",
    "meta_description": "",
    "created_at": "2025-12-31T13:59:03.456Z",
    "updated_at": "2025-12-31T13:59:03.456Z"
  }
},
{
  "model": "company.company",
  "pk": 17,
  "fields": {
    "owner": null,
    "name": "Netflix",
    "slug": "netflix",
    "tagline": "Watch anywhere",
    "description": "Streaming entertainment platform.",
    "logo": "",
    "cover_image": "",
    "website": "https://netflix.com",
    "category": 1,
    "rating_average": "4.44",
    "rating_count": 30123,
    "is_verified": true,
    "is_active": true,
    "meta_title": "",
    "meta_description": "",
    "created_at": "2025-12-31T13:59:03.456Z",
    "updated_at": "2025-12-31T13:59:03.456Z"
  }
},
{
  "model": "company.company",
  "pk": 18,
  "fields": {
    "owner": null,
    "name": "Airbnb",
    "slug": "airbnb",
    "tagline": "Belong anywhere",
    "description": "Short-term rental platform.",
    "logo": "",
    "cover_image": "",
    "website": "https://airbnb.com",
    "category": 3,
    "rating_average": "4.28",
    "rating_count": 17432,
    "is_verified": true,
    "is_active": true,
    "meta_title": "",
    "meta_description": "",
    "created_at": "2025-12-31T13:59:03.456Z",
    "updated_at": "2025-12-31T13:59:03.456Z"
  }
},
{
  "model": "company.company",
  "pk": 19,
  "fields": {
    "owner": null,
    "name": "Uber",
    "slug": "uber",
    "tagline": "Move the way you want",
    "description": "Ride-sharing and mobility platform.",
    "logo": "",
    "cover_image": "",
    "website": "https://uber.com",
    "category": 3,
    "rating_average": "3.59",
    "rating_count": 22314,
    "is_verified": true,
    "is_active": true,
    "meta_title": "",
    "meta_description": "",
    "created_at": "2025-12-31T13:59:03.457Z",
    "updated_at": "2025-12-31T13:59:03.457Z"
  }
},
{
  "model": "company.company",
  "pk": 20,
  "fields": {
    "owner": null,
    "name": "Adobe",
    "slug": "adobe",
    "tagline": "Creativity for all",
    "description": "Creative software company.",
    "logo": "",
    "cover_image": "",
    "website": "https://adobe.com",
    "category": 1,
    "rating_average": "4.00",
    "rating_count": 1,
    "is_verified": true,
    "is_active": true,
    "meta_title": "",
    "meta_description": "",
    "created_at": "2025-12-31T13:59:03.457Z",
    "updated_at": "2025-12-31T13:59:03.457Z"
  }
},
{
  "model": "company.company",
  "pk": 21,
  "fields": {
    "owner": [
      "dselvajagan@gmail.com"
    ],
    "name": "Dselva pvt",
    "slug": "dselva-pvt",
    "tagline": "this is best company",
    "description": "this is best company",
    "logo": "companies/logos/newlab.png",
    "cover_image": "companies/covers/gns3.png",
    "website": "https://dselva.com",
    "category": 2,
    "rating_average": "4.91",
    "rating_count": 22,
    "is_verified": true,
    "is_active": true,
    "meta_title": "",
    "meta_description": "",
    "created_at": "2026-01-02T03:09:00.441Z",
    "updated_at": "2026-01-03T07:06:48.291Z"
  }
},
{
  "model": "company.companyonboardingrequest",
  "pk": 3,
  "fields": {
    "user": [
      "dselvajagan@gmail.com"
    ],
    "request_type": "NEW",
    "company": null,
    "company_name": "Dselva pvt",
    "tagline": "this is best company",
    "description": "this is best company",
    "website": "https://dselva.com",
    "status": "APPROVED",
    "reviewed_by": [
      "dselvajagan@gmail.com"
    ],
    "reviewed_at": "2026-01-02T03:09:00.449Z",
    "created_at": "2026-01-02T03:08:48.155Z"
  }
},
{
  "model": "company.companyonboardingrequest",
  "pk": 4,
  "fields": {
    "user": [
      "dselvajagan@gmail.com"
    ],
    "request_type": "EXISTING",
    "company": 21,
    "company_name": "",
    "tagline": "",
    "description": "",
    "website": "",
    "status": "PENDING",
    "reviewed_by": null,
    "reviewed_at": null,
    "created_at": "2026-01-02T03:34:06.555Z"
  }
},
{
  "model": "company.companymembership",
  "pk": 1,
  "fields": {
    "user": [
      "dselvajagan@gmail.com"
    ],
    "company": 21,
    "role": "OWNER",
    "status": "ACTIVE",
    "created_at": "2026-01-02T03:09:00.447Z"
  }
},
{
  "model": "review.review",
  "pk": 1,
  "fields": {
    "content_type": [
      "company",
      "company"
    ],
    "object_id": 1,
    "rating": 3,
    "title": "",
    "body": "this is the first comment",
    "author_name": "Authenticated User",
    "author_email": "",
    "is_verified": false,
    "is_approved": true,
    "ip_address": "192.168.1.113",
    "user_agent": "Mozilla/5.0 (X11; Linux x86_64) AppleWebKit/537.36 (KHTML, like Gecko) Chrome/143.0.0.0 Safari/537.36",
    "created_at": "2025-12-31T15:35:28.966Z",
    "updated_at": "2025-12-31T15:35:28.966Z",
    "user": null
  }
},
{
  "model": "review.review",
  "pk": 2,
  "fields": {
    "content_type": [
      "company",
      "company"
    ],
    "object_id": 1,
    "rating": 2,
    "title": "Review title 1",
    "body": "This is a dummy review body for review 1.",
    "author_name": "User 1",
    "author_email": "user1@example.com",
    "is_verified": false,
    "is_approved": true,
    "ip_address": null,
    "user_agent": "",
    "created_at": "2025-12-31T16:01:21.726Z",
    "updated_at": "2025-12-31T16:01:21.726Z",
    "user": null
  }
},
{
  "model": "review.review",
  "pk": 3,
  "fields": {
    "content_type": [
      "company",
      "company"
    ],
    "object_id": 1,
    "rating": 3,
    "title": "Review title 2",
    "body": "This is a dummy review body for review 2.",
    "author_name": "User 2",
    "author_email": "user2@example.com",
    "is_verified": false,
    "is_approved": true,
    "ip_address": null,
    "user_agent": "",
    "created_at": "2025-12-31T16:01:21.732Z",
    "updated_at": "2025-12-31T16:01:21.732Z",
    "user": null
  }
},
{
  "model": "review.review",
  "pk": 4,
  "fields": {
    "content_type": [
      "company",
      "company"
    ],
    "object_id": 1,
    "rating": 2,
    "title": "Review title 3",
    "body": "This is a dummy review body for review 3.",
    "author_name": "User 3",
    "author_email": "user3@example.com",
    "is_verified": false,
    "is_approved": true,
    "ip_address": null,
    "user_agent": "",
    "created_at": "2025-12-31T16:01:21.737Z",
    "updated_at": "2025-12-31T16:01:21.737Z",
    "user": null
  }
},
{
  "model": "review.review",
  "pk": 5,
  "fields": {
    "content_type": [
      "company",
      "company"
    ],
    "object_id": 1,
    "rating": 5,
    "title": "Review title 4",
    "body": "This is a dummy review body for review 4.",
    "author_name": "User 4",
    "author_email": "user4@example.com",
    "is_verified": false,
    "is_approved": true,
    "ip_address": null,
    "user_agent": "",
    "created_at": "2025-12-31T16:01:21.742Z",
    "updated_at": "2025-12-31T16:01:21.742Z",
    "user": null
  }
},
{
  "model": "review.review",
  "pk": 6,
  "fields": {
    "content_type": [
      "company",
      "company"
    ],
    "object_id": 1,
    "rating": 3,
    "title": "Review title 5",
    "body": "This is a dummy review body for review 5.",
    "author_name": "User 5",
    "author_email": "user5@example.com",
    "is_verified": false,
    "is_approved": true,
    "ip_address": null,
    "user_agent": "",
    "created_at": "2025-12-31T16:01:21.747Z",
    "updated_at": "2025-12-31T16:01:21.747Z",
    "user": null
  }
},
{
  "model": "review.review",
  "pk": 7,
  "fields": {
    "content_type": [
      "company",
      "company"
    ],
    "object_id": 1,
    "rating": 5,
    "title": "Review title 6",
    "body": "This is a dummy review body for review 6.",
    "author_name": "User 6",
    "author_email": "user6@example.com",
    "is_verified": false,
    "is_approved": true,
    "ip_address": null,
    "user_agent": "",
    "created_at": "2025-12-31T16:01:21.752Z",
    "updated_at": "2025-12-31T16:01:21.752Z",
    "user": null
  }
},
{
  "model": "review.review",
  "pk": 8,
  "fields": {
    "content_type": [
      "company",
      "company"
    ],
    "object_id": 1,
    "rating": 2,
    "title": "Review title 7",
    "body": "This is a dummy review body for review 7.",
    "author_name": "User 7",
    "author_email": "user7@example.com",
    "is_verified": false,
    "is_approved": true,
    "ip_address": null,
    "user_agent": "",
    "created_at": "2025-12-31T16:01:21.756Z",
    "updated_at": "2025-12-31T16:01:21.756Z",
    "user": null
  }
},
{
  "model": "review.review",
  "pk": 9,
  "fields": {
    "content_type": [
      "company",
      "company"
    ],
    "object_id": 1,
    "rating": 5,
    "title": "Review title 8",
    "body": "This is a dummy review body for review 8.",
    "author_name": "User 8",
    "author_email": "user8@example.com",
    "is_verified": false,
    "is_approved": true,
    "ip_address": null,
    "user_agent": "",
    "created_at": "2025-12-31T16:01:21.762Z",
    "updated_at": "2025-12-31T16:01:21.762Z",
    "user": null
  }
},
{
  "model": "review.review",
  "pk": 10,
  "fields": {
    "content_type": [
      "company",
      "company"
    ],
    "object_id": 1,
    "rating": 2,
    "title": "Review title 9",
    "body": "This is a dummy review body for review 9.",
    "author_name": "User 9",
    "author_email": "user9@example.com",
    "is_verified": false,
    "is_approved": true,
    "ip_address": null,
    "user_agent": "",
    "created_at": "2025-12-31T16:01:21.766Z",
    "updated_at": "2025-12-31T16:01:21.766Z",
    "user": null
  }
},
{
  "model": "review.review",
  "pk": 11,
  "fields": {
    "content_type": [
      "company",
      "company"
    ],
    "object_id": 1,
    "rating": 2,
    "title": "Review title 10",
    "body": "This is a dummy review body for review 10.",
    "author_name": "User 10",
    "author_email": "user10@example.com",
    "is_verified": false,
    "is_approved": true,
    "ip_address": null,
    "user_agent": "",
    "created_at": "2025-12-31T16:01:21.771Z",
    "updated_at": "2025-12-31T16:01:21.771Z",
    "user": null
  }
},
{
  "model": "review.review",
  "pk": 12,
  "fields": {
    "content_type": [
      "company",
      "company"
    ],
    "object_id": 1,
    "rating": 2,
    "title": "Review title 11",
    "body": "This is a dummy review body for review 11.",
    "author_name": "User 11",
    "author_email": "user11@example.com",
    "is_verified": false,
    "is_approved": true,
    "ip_address": null,
    "user_agent": "",
    "created_at": "2025-12-31T16:01:21.776Z",
    "updated_at": "2025-12-31T16:01:21.776Z",
    "user": null
  }
},
{
  "model": "review.review",
  "pk": 13,
  "fields": {
    "content_type": [
      "company",
      "company"
    ],
    "object_id": 1,
    "rating": 5,
    "title": "Review title 12",
    "body": "This is a dummy review body for review 12.",
    "author_name": "User 12",
    "author_email": "user12@example.com",
    "is_verified": false,
    "is_approved": true,
    "ip_address": null,
    "user_agent": "",
    "created_at": "2025-12-31T16:01:21.781Z",
    "updated_at": "2025-12-31T16:01:21.781Z",
    "user": null
  }
},
{
  "model": "review.review",
  "pk": 14,
  "fields": {
    "content_type": [
      "company",
      "company"
    ],
    "object_id": 1,
    "rating": 5,
    "title": "Review title 13",
    "body": "This is a dummy review body for review 13.",
    "author_name": "User 13",
    "author_email": "user13@example.com",
    "is_verified": false,
    "is_approved": true,
    "ip_address": null,
    "user_agent": "",
    "created_at": "2025-12-31T16:01:21.786Z",
    "updated_at": "2025-12-31T16:01:21.786Z",
    "user": null
  }
},
{
  "model": "review.review",
  "pk": 15,
  "fields": {
    "content_type": [
      "company",
      "company"
    ],
    "object_id": 1,
    "rating": 3,
    "title": "Review title 14",
    "body": "This is a dummy review body for review 14.",
    "author_name": "User 14",
    "author_email": "user14@example.com",
    "is_verified": false,
    "is_approved": true,
    "ip_address": null,
    "user_agent": "",
    "created_at": "2025-12-31T16:01:21.791Z",
    "updated_at": "2025-12-31T16:01:21.791Z",
    "user": null
  }
},
{
  "model": "review.review",
  "pk": 16,
  "fields": {
    "content_type": [
      "company",
      "company"
    ],
    "object_id": 1,
    "rating": 4,
    "title": "Review title 15",
    "body": "This is a dummy review body for review 15.",
    "author_name": "User 15",
    "author_email": "user15@example.com",
    "is_verified": false,
    "is_approved": true,
    "ip_address": null,
    "user_agent": "",
    "created_at": "2025-12-31T16:01:21.795Z",
    "updated_at": "2025-12-31T16:01:21.795Z",
    "user": null
  }
},
{
  "model": "review.review",
  "pk": 17,
  "fields": {
    "content_type": [
      "company",
      "company"
    ],
    "object_id": 1,
    "rating": 5,
    "title": "Review title 16",
    "body": "This is a dummy review body for review 16.",
    "author_name": "User 16",
    "author_email": "user16@example.com",
    "is_verified": false,
    "is_approved": true,
    "ip_address": null,
    "user_agent": "",
    "created_at": "2025-12-31T16:01:21.800Z",
    "updated_at": "2025-12-31T16:01:21.800Z",
    "user": null
  }
},
{
  "model": "review.review",
  "pk": 18,
  "fields": {
    "content_type": [
      "company",
      "company"
    ],
    "object_id": 1,
    "rating": 2,
    "title": "Review title 17",
    "body": "This is a dummy review body for review 17.",
    "author_name": "User 17",
    "author_email": "user17@example.com",
    "is_verified": false,
    "is_approved": true,
    "ip_address": null,
    "user_agent": "",
    "created_at": "2025-12-31T16:01:21.805Z",
    "updated_at": "2025-12-31T16:01:21.805Z",
    "user": null
  }
},
{
  "model": "review.review",
  "pk": 19,
  "fields": {
    "content_type": [
      "company",
      "company"
    ],
    "object_id": 1,
    "rating": 2,
    "title": "Review title 18",
    "body": "This is a dummy review body for review 18.",
    "author_name": "User 18",
    "author_email": "user18@example.com",
    "is_verified": false,
    "is_approved": true,
    "ip_address": null,
    "user_agent": "",
    "created_at": "2025-12-31T16:01:21.810Z",
    "updated_at": "2025-12-31T16:01:21.810Z",
    "user": null
  }
},
{
  "model": "review.review",
  "pk": 20,
  "fields": {
    "content_type": [
      "company",
      "company"
    ],
    "object_id": 1,
    "rating": 5,
    "title": "Review title 19",
    "body": "This is a dummy review body for review 19.",
    "author_name": "User 19",
    "author_email": "user19@example.com",
    "is_verified": false,
    "is_approved": true,
    "ip_address": null,
    "user_agent": "",
    "created_at": "2025-12-31T16:01:21.815Z",
    "updated_at": "2025-12-31T16:01:21.815Z",
    "user": null
  }
},
{
  "model": "review.review",
  "pk": 21,
  "fields": {
    "content_type": [
      "company",
      "company"
    ],
    "object_id": 1,
    "rating": 1,
    "title": "Review title 20",
    "body": "This is a dummy review body for review 20.",
    "author_name": "User 20",
    "author_email": "user20@example.com",
    "is_verified": false,
    "is_approved": true,
    "ip_address": null,
    "user_agent": "",
    "created_at": "2025-12-31T16:01:21.820Z",
    "updated_at": "2025-12-31T16:01:21.820Z",
    "user": null
  }
},
{
  "model": "review.review",
  "pk": 22,
  "fields": {
    "content_type": [
      "company",
      "company"
    ],
    "object_id": 5,
    "rating": 5,
    "title": "",
    "body": "this is the first comment for stripe",
    "author_name": "Authenticated User",
    "author_email": "",
    "is_verified": false,
    "is_approved": true,
    "ip_address": "192.168.1.113",
    "user_agent": "Mozilla/5.0 (X11; Linux x86_64) AppleWebKit/537.36 (KHTML, like Gecko) Chrome/143.0.0.0 Safari/537.36",
    "created_at": "2025-12-31T16:03:45.607Z",
    "updated_at": "2025-12-31T16:03:45.607Z",
    "user": null
  }
},
{
  "model": "review.review",
  "pk": 23,
  "fields": {
    "content_type": [
      "company",
      "company"
    ],
    "object_id": 16,
    "rating": 3,
    "title": "",
    "body": "this is the first comment for spotify",
    "author_name": "Authenticated User",
    "author_email": "",
    "is_verified": false,
    "is_approved": true,
    "ip_address": "192.168.1.113",
    "user_agent": "Mozilla/5.0 (X11; Linux x86_64) AppleWebKit/537.36 (KHTML, like Gecko) Chrome/143.0.0.0 Safari/537.36",
    "created_at": "2025-12-31T16:04:04.919Z",
    "updated_at": "2025-12-31T16:04:04.919Z",
    "user": null
  }
},
{
  "model": "review.review",
  "pk": 24,
  "fields": {
    "content_type": [
      "company",
      "company"
    ],
    "object_id": 15,
    "rating": 5,
    "title": "",
    "body": "this is the first comment for byjus",
    "author_name": "Authenticated User",
    "author_email": "",
    "is_verified": false,
    "is_approved": true,
    "ip_address": "192.168.1.113",
    "user_agent": "Mozilla/5.0 (X11; Linux x86_64) AppleWebKit/537.36 (KHTML, like Gecko) Chrome/143.0.0.0 Safari/537.36",
    "created_at": "2025-12-31T16:04:44.747Z",
    "updated_at": "2025-12-31T16:04:44.747Z",
    "user": null
  }
},
{
  "model": "review.review",
  "pk": 25,
  "fields": {
    "content_type": [
      "company",
      "company"
    ],
    "object_id": 20,
    "rating": 4,
    "title": "",
    "body": "this is the first review for adobe",
    "author_name": "Authenticated User",
    "author_email": "",
    "is_verified": false,
    "is_approved": true,
    "ip_address": "192.168.1.113",
    "user_agent": "Mozilla/5.0 (X11; Linux x86_64) AppleWebKit/537.36 (KHTML, like Gecko) Chrome/143.0.0.0 Safari/537.36",
    "created_at": "2026-01-01T07:12:27.009Z",
    "updated_at": "2026-01-01T07:12:27.009Z",
    "user": null
  }
},
{
  "model": "review.review",
  "pk": 26,
  "fields": {
    "content_type": [
      "company",
      "company"
    ],
    "object_id": 15,
    "rating": 3,
    "title": "",
    "body": "this is the second review with username",
    "author_name": "dselva",
    "author_email": "dselvajagan@gmail.com",
    "is_verified": false,
    "is_approved": true,
    "ip_address": "192.168.1.113",
    "user_agent": "Mozilla/5.0 (X11; Linux x86_64) AppleWebKit/537.36 (KHTML, like Gecko) Chrome/143.0.0.0 Safari/537.36",
    "created_at": "2026-01-01T08:26:38.819Z",
    "updated_at": "2026-01-01T08:26:38.819Z",
    "user": null
  }
},
{
  "model": "review.review",
  "pk": 27,
  "fields": {
    "content_type": [
      "company",
      "company"
    ],
    "object_id": 5,
    "rating": 5,
    "title": "",
    "body": "this is second review with username",
    "author_name": "dselva2005",
    "author_email": "nadardselva@gmail.com",
    "is_verified": false,
    "is_approved": true,
    "ip_address": "192.168.1.113",
    "user_agent": "Mozilla/5.0 (X11; Linux x86_64) AppleWebKit/537.36 (KHTML, like Gecko) Chrome/143.0.0.0 Safari/537.36",
    "created_at": "2026-01-01T08:27:29.207Z",
    "updated_at": "2026-01-01T08:27:29.207Z",
    "user": null
  }
},
{
  "model": "review.review",
  "pk": 28,
  "fields": {
    "content_type": [
      "company",
      "company"
    ],
    "object_id": 5,
    "rating": 1,
    "title": "",
    "body": "sdfgsdfg asdfgsdfg",
    "author_name": "dselva2005",
    "author_email": "nadardselva@gmail.com",
    "is_verified": false,
    "is_approved": true,
    "ip_address": "192.168.1.113",
    "user_agent": "Mozilla/5.0 (X11; Linux x86_64) AppleWebKit/537.36 (KHTML, like Gecko) Chrome/143.0.0.0 Safari/537.36",
    "created_at": "2026-01-01T08:41:11.585Z",
    "updated_at": "2026-01-01T08:41:11.585Z",
    "user": null
  }
},
{
  "model": "review.review",
  "pk": 29,
  "fields": {
    "content_type": [
      "company",
      "company"
    ],
    "object_id": 7,
    "rating": 2,
    "title": "",
    "body": "this is scam",
    "author_name": "dselva",
    "author_email": "dselvajagan@gmail.com",
    "is_verified": false,
    "is_approved": true,
    "ip_address": "192.168.1.113",
    "user_agent": "Mozilla/5.0 (X11; Linux x86_64) AppleWebKit/537.36 (KHTML, like Gecko) Chrome/143.0.0.0 Safari/537.36",
    "created_at": "2026-01-01T09:11:19.302Z",
    "updated_at": "2026-01-01T09:11:19.302Z",
    "user": null
  }
},
{
  "model": "review.review",
  "pk": 30,
  "fields": {
    "content_type": [
      "company",
      "company"
    ],
    "object_id": 8,
    "rating": 4,
    "title": "",
    "body": "this is good",
    "author_name": "dselva",
    "author_email": "dselvajagan@gmail.com",
    "is_verified": false,
    "is_approved": true,
    "ip_address": "192.168.1.113",
    "user_agent": "Mozilla/5.0 (X11; Linux x86_64) AppleWebKit/537.36 (KHTML, like Gecko) Chrome/143.0.0.0 Safari/537.36",
    "created_at": "2026-01-01T11:05:44.062Z",
    "updated_at": "2026-01-01T11:05:44.062Z",
    "user": null
  }
},
{
  "model": "review.review",
  "pk": 31,
  "fields": {
    "content_type": [
      "company",
      "company"
    ],
    "object_id": 2,
    "rating": 5,
    "title": "",
    "body": "they are good at what they do",
    "author_name": "dselva",
    "author_email": "dselvajagan@gmail.com",
    "is_verified": false,
    "is_approved": true,
    "ip_address": "192.168.1.113",
    "user_agent": "Mozilla/5.0 (X11; Linux x86_64) AppleWebKit/537.36 (KHTML, like Gecko) Chrome/143.0.0.0 Safari/537.36",
    "created_at": "2026-01-01T11:53:34.539Z",
    "updated_at": "2026-01-01T11:53:34.539Z",
    "user": null
  }
},
{
  "model": "review.review",
  "pk": 32,
  "fields": {
    "content_type": [
      "company",
      "company"
    ],
    "object_id": 3,
    "rating": 2,
    "title": "",
    "body": "this is the worst tech company maybe",
    "author_name": "dselva",
    "author_email": "dselvajagan@gmail.com",
    "is_verified": false,
    "is_approved": true,
    "ip_address": "192.168.1.113",
    "user_agent": "Mozilla/5.0 (X11; Linux x86_64) AppleWebKit/537.36 (KHTML, like Gecko) Chrome/143.0.0.0 Safari/537.36",
    "created_at": "2026-01-01T12:28:27.247Z",
    "updated_at": "2026-01-01T12:28:27.247Z",
    "user": null
  }
},
{
  "model": "review.review",
  "pk": 33,
  "fields": {
    "content_type": [
      "company",
      "company"
    ],
    "object_id": 2,
    "rating": 3,
    "title": "",
    "body": "this tests jwt",
    "author_name": "dselva",
    "author_email": "dselvajagan@gmail.com",
    "is_verified": false,
    "is_approved": true,
    "ip_address": "192.168.1.113",
    "user_agent": "Mozilla/5.0 (X11; Linux x86_64) AppleWebKit/537.36 (KHTML, like Gecko) Chrome/143.0.0.0 Safari/537.36",
    "created_at": "2026-01-02T08:46:57.822Z",
    "updated_at": "2026-01-02T09:49:53.676Z",
    "user": [
      "dselvajagan@gmail.com"
    ]
  }
},
{
  "model": "review.review",
  "pk": 34,
  "fields": {
    "content_type": [
      "company",
      "company"
    ],
    "object_id": 2,
    "rating": 3,
    "title": "",
    "body": "testing review system",
    "author_name": "dselva",
    "author_email": "dselvajagan@gmail.com",
    "is_verified": true,
    "is_approved": true,
    "ip_address": null,
    "user_agent": "",
    "created_at": "2026-01-02T09:59:14.860Z",
    "updated_at": "2026-01-02T09:59:14.860Z",
    "user": null
  }
},
{
  "model": "review.review",
  "pk": 35,
  "fields": {
    "content_type": [
      "company",
      "company"
    ],
    "object_id": 2,
    "rating": 4,
    "title": "",
    "body": "testing the user identification from review",
    "author_name": "dselva",
    "author_email": "dselvajagan@gmail.com",
    "is_verified": true,
    "is_approved": true,
    "ip_address": null,
    "user_agent": "",
    "created_at": "2026-01-02T10:06:02.188Z",
    "updated_at": "2026-01-02T10:06:02.188Z",
    "user": [
      "dselvajagan@gmail.com"
    ]
  }
},
{
  "model": "review.review",
  "pk": 36,
  "fields": {
    "content_type": [
      "company",
      "company"
    ],
    "object_id": 2,
    "rating": 5,
    "title": "",
    "body": "testing complete review data captuer",
    "author_name": "dselva",
    "author_email": "dselvajagan@gmail.com",
    "is_verified": true,
    "is_approved": true,
    "ip_address": "192.168.1.113",
    "user_agent": "Mozilla/5.0 (X11; Linux x86_64) AppleWebKit/537.36 (KHTML, like Gecko) Chrome/143.0.0.0 Safari/537.36",
    "created_at": "2026-01-02T10:06:56.672Z",
    "updated_at": "2026-01-02T10:06:56.672Z",
    "user": [
      "dselvajagan@gmail.com"
    ]
  }
},
{
  "model": "review.review",
  "pk": 37,
  "fields": {
    "content_type": [
      "blog",
      "blogpost"
    ],
    "object_id": 1,
    "rating": 5,
    "title": "this is good",
    "body": "this is good",
    "author_name": "dselva",
    "author_email": "dselvajagan@gmail.com",
    "is_verified": true,
    "is_approved": true,
    "ip_address": "192.168.1.113",
    "user_agent": "Mozilla/5.0 (X11; Linux x86_64) AppleWebKit/537.36 (KHTML, like Gecko) Chrome/143.0.0.0 Safari/537.36",
    "created_at": "2026-01-02T12:02:36.216Z",
    "updated_at": "2026-01-02T12:02:36.216Z",
    "user": [
      "dselvajagan@gmail.com"
    ]
  }
},
{
  "model": "review.review",
  "pk": 38,
  "fields": {
    "content_type": [
      "blog",
      "blogpost"
    ],
    "object_id": 1,
    "rating": 5,
    "title": "this is second",
    "body": "this is good",
    "author_name": "dselva",
    "author_email": "dselvajagan@gmail.com",
    "is_verified": true,
    "is_approved": true,
    "ip_address": "192.168.1.113",
    "user_agent": "Mozilla/5.0 (X11; Linux x86_64) AppleWebKit/537.36 (KHTML, like Gecko) Chrome/143.0.0.0 Safari/537.36",
    "created_at": "2026-01-02T12:03:03.590Z",
    "updated_at": "2026-01-02T12:03:03.590Z",
    "user": [
      "dselvajagan@gmail.com"
    ]
  }
},
{
  "model": "review.review",
  "pk": 39,
  "fields": {
    "content_type": [
      "blog",
      "blogpost"
    ],
    "object_id": 1,
    "rating": 2,
    "title": "",
    "body": "laskjdflaksdf",
    "author_name": "dselva",
    "author_email": "dselvajagan@gmail.com",
    "is_verified": true,
    "is_approved": true,
    "ip_address": "192.168.1.113",
    "user_agent": "Mozilla/5.0 (X11; Linux x86_64) AppleWebKit/537.36 (KHTML, like Gecko) Chrome/143.0.0.0 Safari/537.36",
    "created_at": "2026-01-02T12:03:46.863Z",
    "updated_at": "2026-01-02T12:03:46.863Z",
    "user": [
      "dselvajagan@gmail.com"
    ]
  }
},
{
  "model": "review.review",
  "pk": 40,
  "fields": {
    "content_type": [
      "blog",
      "blogpost"
    ],
    "object_id": 1,
    "rating": 2,
    "title": "asdfasdf",
    "body": "asdfasdfasdf",
    "author_name": "dselva",
    "author_email": "dselvajagan@gmail.com",
    "is_verified": true,
    "is_approved": true,
    "ip_address": "192.168.1.113",
    "user_agent": "Mozilla/5.0 (X11; Linux x86_64) AppleWebKit/537.36 (KHTML, like Gecko) Chrome/143.0.0.0 Safari/537.36",
    "created_at": "2026-01-02T12:11:45.188Z",
    "updated_at": "2026-01-02T12:11:45.188Z",
    "user": [
      "dselvajagan@gmail.com"
    ]
  }
},
{
  "model": "review.review",
  "pk": 41,
  "fields": {
    "content_type": [
      "blog",
      "blogpost"
    ],
    "object_id": 1,
    "rating": 5,
    "title": "this is test",
    "body": "test",
    "author_name": "dselva",
    "author_email": "dselvajagan@gmail.com",
    "is_verified": true,
    "is_approved": true,
    "ip_address": "192.168.1.113",
    "user_agent": "Mozilla/5.0 (X11; Linux x86_64) AppleWebKit/537.36 (KHTML, like Gecko) Chrome/143.0.0.0 Safari/537.36",
    "created_at": "2026-01-02T12:12:36.981Z",
    "updated_at": "2026-01-02T12:12:36.981Z",
    "user": [
      "dselvajagan@gmail.com"
    ]
  }
},
{
  "model": "review.review",
  "pk": 42,
  "fields": {
    "content_type": [
      "blog",
      "blogpost"
    ],
    "object_id": 1,
    "rating": 5,
    "title": "this is testing the review cout",
    "body": "review 6",
    "author_name": "dselva",
    "author_email": "dselvajagan@gmail.com",
    "is_verified": true,
    "is_approved": true,
    "ip_address": "192.168.1.113",
    "user_agent": "Mozilla/5.0 (X11; Linux x86_64) AppleWebKit/537.36 (KHTML, like Gecko) Chrome/143.0.0.0 Safari/537.36",
    "created_at": "2026-01-02T12:59:24.467Z",
    "updated_at": "2026-01-02T12:59:24.467Z",
    "user": [
      "dselvajagan@gmail.com"
    ]
  }
},
{
  "model": "review.review",
  "pk": 43,
  "fields": {
    "content_type": [
      "company",
      "company"
    ],
    "object_id": 21,
    "rating": 5,
    "title": "",
    "body": "they are the best",
    "author_name": "dselva",
    "author_email": "dselvajagan@gmail.com",
    "is_verified": true,
    "is_approved": true,
    "ip_address": "192.168.1.113",
    "user_agent": "Mozilla/5.0 (X11; Linux x86_64) AppleWebKit/537.36 (KHTML, like Gecko) Chrome/143.0.0.0 Safari/537.36",
    "created_at": "2026-01-02T13:11:11.522Z",
    "updated_at": "2026-01-02T13:11:11.522Z",
    "user": [
      "dselvajagan@gmail.com"
    ]
  }
},
{
  "model": "review.review",
  "pk": 44,
  "fields": {
    "content_type": [
      "company",
      "company"
    ],
    "object_id": 21,
    "rating": 3,
    "title": "",
    "body": "\"use client\"\n\nimport {\n    Dialog,\n    DialogContent,\n    DialogHeader,\n    DialogTitle,\n    DialogTrigger,\n} from \"@/components/ui/dialog\"\nimport { Card, CardContent } from \"@/components/ui/card\"\nimport { TrustpilotRating } from \"@/components/TrustpilotRating\"\nimport { Review } from \"@/types/review\"\nimport { VisuallyHidden } from \"@radix-ui/react-visually-hidden\"\n\n// Generate initials for avatar\nfunction getInitials(name: string) {",
    "author_name": "dselva",
    "author_email": "dselvajagan@gmail.com",
    "is_verified": true,
    "is_approved": true,
    "ip_address": "192.168.1.113",
    "user_agent": "Mozilla/5.0 (X11; Linux x86_64) AppleWebKit/537.36 (KHTML, like Gecko) Chrome/143.0.0.0 Safari/537.36",
    "created_at": "2026-01-02T13:19:36.362Z",
    "updated_at": "2026-01-02T13:19:36.362Z",
    "user": [
      "dselvajagan@gmail.com"
    ]
  }
},
{
  "model": "review.review",
  "pk": 45,
  "fields": {
    "content_type": [
      "company",
      "company"
    ],
    "object_id": 21,
    "rating": 5,
    "title": "",
    "body": "this is testing review system",
    "author_name": "dselva",
    "author_email": "dselvajagan@gmail.com",
    "is_verified": true,
    "is_approved": true,
    "ip_address": "192.168.1.113",
    "user_agent": "Mozilla/5.0 (X11; Linux x86_64) AppleWebKit/537.36 (KHTML, like Gecko) Chrome/143.0.0.0 Safari/537.36",
    "created_at": "2026-01-03T01:01:30.257Z",
    "updated_at": "2026-01-03T01:01:30.257Z",
    "user": [
      "dselvajagan@gmail.com"
    ]
  }
},
{
  "model": "review.review",
  "pk": 46,
  "fields": {
    "content_type": [
      "company",
      "company"
    ],
    "object_id": 21,
    "rating": 5,
    "title": "",
    "body": "testing review system",
    "author_name": "dselva",
    "author_email": "dselvajagan@gmail.com",
    "is_verified": true,
    "is_approved": true,
    "ip_address": "192.168.1.113",
    "user_agent": "Mozilla/5.0 (X11; Linux x86_64) AppleWebKit/537.36 (KHTML, like Gecko) Chrome/143.0.0.0 Safari/537.36",
    "created_at": "2026-01-03T01:01:52.639Z",
    "updated_at": "2026-01-03T01:01:52.639Z",
    "user": [
      "dselvajagan@gmail.com"
    ]
  }
},
{
  "model": "review.review",
  "pk": 47,
  "fields": {
    "content_type": [
      "company",
      "company"
    ],
    "object_id": 21,
    "rating": 5,
    "title": "",
    "body": "testing table",
    "author_name": "dselva",
    "author_email": "dselvajagan@gmail.com",
    "is_verified": true,
    "is_approved": true,
    "ip_address": "192.168.1.113",
    "user_agent": "Mozilla/5.0 (X11; Linux x86_64) AppleWebKit/537.36 (KHTML, like Gecko) Chrome/143.0.0.0 Safari/537.36",
    "created_at": "2026-01-03T02:00:10.502Z",
    "updated_at": "2026-01-03T02:00:10.502Z",
    "user": [
      "dselvajagan@gmail.com"
    ]
  }
},
{
  "model": "review.review",
  "pk": 48,
  "fields": {
    "content_type": [
      "company",
      "company"
    ],
    "object_id": 21,
    "rating": 5,
    "title": "",
    "body": "testing table",
    "author_name": "dselva",
    "author_email": "dselvajagan@gmail.com",
    "is_verified": true,
    "is_approved": true,
    "ip_address": "192.168.1.113",
    "user_agent": "Mozilla/5.0 (X11; Linux x86_64) AppleWebKit/537.36 (KHTML, like Gecko) Chrome/143.0.0.0 Safari/537.36",
    "created_at": "2026-01-03T02:00:16.912Z",
    "updated_at": "2026-01-03T02:00:16.912Z",
    "user": [
      "dselvajagan@gmail.com"
    ]
  }
},
{
  "model": "review.review",
  "pk": 49,
  "fields": {
    "content_type": [
      "company",
      "company"
    ],
    "object_id": 21,
    "rating": 5,
    "title": "",
    "body": "testing table",
    "author_name": "dselva",
    "author_email": "dselvajagan@gmail.com",
    "is_verified": true,
    "is_approved": true,
    "ip_address": "192.168.1.113",
    "user_agent": "Mozilla/5.0 (X11; Linux x86_64) AppleWebKit/537.36 (KHTML, like Gecko) Chrome/143.0.0.0 Safari/537.36",
    "created_at": "2026-01-03T02:00:22.554Z",
    "updated_at": "2026-01-03T02:00:22.554Z",
    "user": [
      "dselvajagan@gmail.com"
    ]
  }
},
{
  "model": "review.review",
  "pk": 50,
  "fields": {
    "content_type": [
      "company",
      "company"
    ],
    "object_id": 21,
    "rating": 5,
    "title": "",
    "body": "testing table",
    "author_name": "dselva",
    "author_email": "dselvajagan@gmail.com",
    "is_verified": true,
    "is_approved": true,
    "ip_address": "192.168.1.113",
    "user_agent": "Mozilla/5.0 (X11; Linux x86_64) AppleWebKit/537.36 (KHTML, like Gecko) Chrome/143.0.0.0 Safari/537.36",
    "created_at": "2026-01-03T02:00:27.884Z",
    "updated_at": "2026-01-03T02:00:27.884Z",
    "user": [
      "dselvajagan@gmail.com"
    ]
  }
},
{
  "model": "review.review",
  "pk": 51,
  "fields": {
    "content_type": [
      "company",
      "company"
    ],
    "object_id": 21,
    "rating": 5,
    "title": "",
    "body": "testing table",
    "author_name": "dselva",
    "author_email": "dselvajagan@gmail.com",
    "is_verified": true,
    "is_approved": true,
    "ip_address": "192.168.1.113",
    "user_agent": "Mozilla/5.0 (X11; Linux x86_64) AppleWebKit/537.36 (KHTML, like Gecko) Chrome/143.0.0.0 Safari/537.36",
    "created_at": "2026-01-03T02:00:33.140Z",
    "updated_at": "2026-01-03T02:00:33.140Z",
    "user": [
      "dselvajagan@gmail.com"
    ]
  }
},
{
  "model": "review.review",
  "pk": 52,
  "fields": {
    "content_type": [
      "company",
      "company"
    ],
    "object_id": 21,
    "rating": 5,
    "title": "",
    "body": "testing table",
    "author_name": "dselva",
    "author_email": "dselvajagan@gmail.com",
    "is_verified": true,
    "is_approved": true,
    "ip_address": "192.168.1.113",
    "user_agent": "Mozilla/5.0 (X11; Linux x86_64) AppleWebKit/537.36 (KHTML, like Gecko) Chrome/143.0.0.0 Safari/537.36",
    "created_at": "2026-01-03T02:00:38.897Z",
    "updated_at": "2026-01-03T02:00:38.897Z",
    "user": [
      "dselvajagan@gmail.com"
    ]
  }
},
{
  "model": "review.review",
  "pk": 53,
  "fields": {
    "content_type": [
      "company",
      "company"
    ],
    "object_id": 21,
    "rating": 5,
    "title": "",
    "body": "testiung review",
    "author_name": "dselva",
    "author_email": "dselvajagan@gmail.com",
    "is_verified": true,
    "is_approved": true,
    "ip_address": "192.168.1.113",
    "user_agent": "Mozilla/5.0 (X11; Linux x86_64) AppleWebKit/537.36 (KHTML, like Gecko) Chrome/143.0.0.0 Safari/537.36",
    "created_at": "2026-01-03T02:01:10.297Z",
    "updated_at": "2026-01-03T02:01:10.297Z",
    "user": [
      "dselvajagan@gmail.com"
    ]
  }
},
{
  "model": "review.review",
  "pk": 54,
  "fields": {
    "content_type": [
      "company",
      "company"
    ],
    "object_id": 21,
    "rating": 5,
    "title": "",
    "body": "this is testing",
    "author_name": "dselva",
    "author_email": "dselvajagan@gmail.com",
    "is_verified": true,
    "is_approved": true,
    "ip_address": "192.168.1.113",
    "user_agent": "Mozilla/5.0 (X11; Linux x86_64) AppleWebKit/537.36 (KHTML, like Gecko) Chrome/143.0.0.0 Safari/537.36",
    "created_at": "2026-01-03T02:43:07.523Z",
    "updated_at": "2026-01-03T02:43:07.523Z",
    "user": [
      "dselvajagan@gmail.com"
    ]
  }
},
{
  "model": "review.review",
  "pk": 55,
  "fields": {
    "content_type": [
      "company",
      "company"
    ],
    "object_id": 21,
    "rating": 5,
    "title": "",
    "body": "the is new review",
    "author_name": "dselva",
    "author_email": "dselvajagan@gmail.com",
    "is_verified": true,
    "is_approved": true,
    "ip_address": "192.168.1.113",
    "user_agent": "Mozilla/5.0 (X11; Linux x86_64) AppleWebKit/537.36 (KHTML, like Gecko) Chrome/143.0.0.0 Safari/537.36",
    "created_at": "2026-01-03T02:55:18.808Z",
    "updated_at": "2026-01-03T02:55:18.808Z",
    "user": [
      "dselvajagan@gmail.com"
    ]
  }
},
{
  "model": "review.review",
  "pk": 56,
  "fields": {
    "content_type": [
      "company",
      "company"
    ],
    "object_id": 21,
    "rating": 5,
    "title": "",
    "body": "testing the fetchall",
    "author_name": "dselva",
    "author_email": "dselvajagan@gmail.com",
    "is_verified": true,
    "is_approved": true,
    "ip_address": "192.168.1.113",
    "user_agent": "Mozilla/5.0 (X11; Linux x86_64) AppleWebKit/537.36 (KHTML, like Gecko) Chrome/143.0.0.0 Safari/537.36",
    "created_at": "2026-01-03T02:56:55.041Z",
    "updated_at": "2026-01-03T02:56:55.041Z",
    "user": [
      "dselvajagan@gmail.com"
    ]
  }
},
{
  "model": "review.review",
  "pk": 58,
  "fields": {
    "content_type": [
      "company",
      "company"
    ],
    "object_id": 21,
    "rating": 5,
    "title": "",
    "body": "this is a review from customer",
    "author_name": "dselva2005",
    "author_email": "nadardselva@gmail.com",
    "is_verified": true,
    "is_approved": true,
    "ip_address": "192.168.1.113",
    "user_agent": "Mozilla/5.0 (X11; Linux x86_64) AppleWebKit/537.36 (KHTML, like Gecko) Chrome/143.0.0.0 Safari/537.36",
    "created_at": "2026-01-03T10:16:42.951Z",
    "updated_at": "2026-01-03T10:16:42.951Z",
    "user": [
      "nadardselva@gmail.com"
    ]
  }
},
{
  "model": "review.review",
  "pk": 59,
  "fields": {
    "content_type": [
      "blog",
      "blogpost"
    ],
    "object_id": 1,
    "rating": 5,
    "title": "new",
    "body": "new review",
    "author_name": "dselva2005",
    "author_email": "nadardselva@gmail.com",
    "is_verified": true,
    "is_approved": true,
    "ip_address": "192.168.1.113",
    "user_agent": "Mozilla/5.0 (X11; Linux x86_64) AppleWebKit/537.36 (KHTML, like Gecko) Chrome/143.0.0.0 Safari/537.36",
    "created_at": "2026-01-03T10:27:21.586Z",
    "updated_at": "2026-01-03T10:27:21.586Z",
    "user": [
      "nadardselva@gmail.com"
    ]
  }
},
{
  "model": "review.review",
  "pk": 60,
  "fields": {
    "content_type": [
      "company",
      "company"
    ],
    "object_id": 21,
    "rating": 5,
    "title": "",
    "body": "this is really big review",
    "author_name": "dselva",
    "author_email": "dselvajagan@gmail.com",
    "is_verified": true,
    "is_approved": true,
    "ip_address": "192.168.1.113",
    "user_agent": "Mozilla/5.0 (X11; Linux x86_64) AppleWebKit/537.36 (KHTML, like Gecko) Chrome/143.0.0.0 Safari/537.36",
    "created_at": "2026-01-03T13:14:06.548Z",
    "updated_at": "2026-01-03T13:14:06.548Z",
    "user": [
      "dselvajagan@gmail.com"
    ]
  }
},
{
  "model": "review.review",
  "pk": 61,
  "fields": {
    "content_type": [
      "company",
      "company"
    ],
    "object_id": 21,
    "rating": 5,
    "title": "",
    "body": "this review has medias",
    "author_name": "dselva",
    "author_email": "dselvajagan@gmail.com",
    "is_verified": true,
    "is_approved": true,
    "ip_address": "192.168.1.113",
    "user_agent": "Mozilla/5.0 (X11; Linux x86_64) AppleWebKit/537.36 (KHTML, like Gecko) Chrome/143.0.0.0 Safari/537.36",
    "created_at": "2026-01-03T13:34:28.071Z",
    "updated_at": "2026-01-03T13:34:28.071Z",
    "user": [
      "dselvajagan@gmail.com"
    ]
  }
},
{
  "model": "review.review",
  "pk": 62,
  "fields": {
    "content_type": [
      "company",
      "company"
    ],
    "object_id": 21,
    "rating": 5,
    "title": "",
    "body": "this has media",
    "author_name": "dselva",
    "author_email": "dselvajagan@gmail.com",
    "is_verified": true,
    "is_approved": true,
    "ip_address": "192.168.1.113",
    "user_agent": "Mozilla/5.0 (X11; Linux x86_64) AppleWebKit/537.36 (KHTML, like Gecko) Chrome/143.0.0.0 Safari/537.36",
    "created_at": "2026-01-03T13:34:56.991Z",
    "updated_at": "2026-01-03T13:34:56.991Z",
    "user": [
      "dselvajagan@gmail.com"
    ]
  }
},
{
  "model": "review.review",
  "pk": 63,
  "fields": {
    "content_type": [
      "company",
      "company"
    ],
    "object_id": 21,
    "rating": 5,
    "title": "",
    "body": "this has media",
    "author_name": "dselva",
    "author_email": "dselvajagan@gmail.com",
    "is_verified": true,
    "is_approved": true,
    "ip_address": "192.168.1.113",
    "user_agent": "Mozilla/5.0 (X11; Linux x86_64) AppleWebKit/537.36 (KHTML, like Gecko) Chrome/143.0.0.0 Safari/537.36",
    "created_at": "2026-01-03T13:37:59.275Z",
    "updated_at": "2026-01-03T13:37:59.275Z",
    "user": [
      "dselvajagan@gmail.com"
    ]
  }
},
{
  "model": "review.review",
  "pk": 64,
  "fields": {
    "content_type": [
      "company",
      "company"
    ],
    "object_id": 21,
    "rating": 5,
    "title": "",
    "body": "this has media",
    "author_name": "dselva",
    "author_email": "dselvajagan@gmail.com",
    "is_verified": true,
    "is_approved": true,
    "ip_address": "192.168.1.113",
    "user_agent": "Mozilla/5.0 (X11; Linux x86_64) AppleWebKit/537.36 (KHTML, like Gecko) Chrome/143.0.0.0 Safari/537.36",
    "created_at": "2026-01-03T13:39:05.247Z",
    "updated_at": "2026-01-03T13:39:05.247Z",
    "user": [
      "dselvajagan@gmail.com"
    ]
  }
},
{
  "model": "review.review",
  "pk": 65,
  "fields": {
    "content_type": [
      "company",
      "company"
    ],
    "object_id": 21,
    "rating": 5,
    "title": "",
    "body": "this has media",
    "author_name": "dselva",
    "author_email": "dselvajagan@gmail.com",
    "is_verified": true,
    "is_approved": true,
    "ip_address": "192.168.1.113",
    "user_agent": "Mozilla/5.0 (X11; Linux x86_64) AppleWebKit/537.36 (KHTML, like Gecko) Chrome/143.0.0.0 Safari/537.36",
    "created_at": "2026-01-03T13:39:25.000Z",
    "updated_at": "2026-01-03T13:39:25.000Z",
    "user": [
      "dselvajagan@gmail.com"
    ]
  }
},
{
  "model": "review.review",
  "pk": 66,
  "fields": {
    "content_type": [
      "company",
      "company"
    ],
    "object_id": 21,
    "rating": 5,
    "title": "",
    "body": "this has media",
    "author_name": "dselva",
    "author_email": "dselvajagan@gmail.com",
    "is_verified": true,
    "is_approved": true,
    "ip_address": "192.168.1.113",
    "user_agent": "Mozilla/5.0 (X11; Linux x86_64) AppleWebKit/537.36 (KHTML, like Gecko) Chrome/143.0.0.0 Safari/537.36",
    "created_at": "2026-01-03T13:39:47.977Z",
    "updated_at": "2026-01-03T13:39:47.978Z",
    "user": [
      "dselvajagan@gmail.com"
    ]
  }
},
{
  "model": "review.reviewreply",
  "pk": 1,
  "fields": {
    "review": 56,
    "author": [
      "dselvajagan@gmail.com"
    ],
    "body": "this is good",
    "created_at": "2026-01-03T06:48:44.428Z",
    "updated_at": "2026-01-03T07:21:01.196Z"
  }
},
{
  "model": "review.reviewreply",
  "pk": 2,
  "fields": {
    "review": 55,
    "author": [
      "dselvajagan@gmail.com"
    ],
    "body": "this is testing",
    "created_at": "2026-01-03T08:12:15.368Z",
    "updated_at": "2026-01-03T08:12:15.368Z"
  }
},
{
  "model": "review.reviewreply",
  "pk": 3,
  "fields": {
    "review": 43,
    "author": [
      "dselvajagan@gmail.com"
    ],
    "body": "this is to test the reveiw data feature",
    "created_at": "2026-01-03T10:12:16.481Z",
    "updated_at": "2026-01-03T10:12:16.481Z"
  }
},
{
  "model": "review.reviewreply",
  "pk": 4,
  "fields": {
    "review": 58,
    "author": [
      "dselvajagan@gmail.com"
    ],
    "body": "this is very good ",
    "created_at": "2026-01-03T10:18:11.969Z",
    "updated_at": "2026-01-03T10:18:11.969Z"
  }
},
{
  "model": "review.reviewreply",
  "pk": 5,
  "fields": {
    "review": 66,
    "author": [
      "dselvajagan@gmail.com"
    ],
    "body": "this is good media",
    "created_at": "2026-01-03T13:50:22.883Z",
    "updated_at": "2026-01-03T13:50:22.883Z"
  }
},
{
  "model": "review.reviewmedia",
  "pk": 1,
  "fields": {
    "review": 66,
    "file": "reviews/66/Screencast_from_2025-05-04_14-19-39.webm",
    "media_type": "",
    "created_at": "2026-01-03T13:39:48.005Z"
  }
},
{
  "model": "review.reviewmedia",
  "pk": 2,
  "fields": {
    "review": 66,
    "file": "reviews/66/Screencast_from_2025-07-11_19-14-02.webm",
    "media_type": "",
    "created_at": "2026-01-03T13:39:48.031Z"
  }
},
{
  "model": "review.reviewmedia",
  "pk": 3,
  "fields": {
    "review": 66,
    "file": "reviews/66/Screencast_from_2025-07-11_20-15-00.webm",
    "media_type": "",
    "created_at": "2026-01-03T13:39:48.054Z"
  }
},
{
  "model": "blog.blogcategory",
  "pk": 1,
  "fields": {
    "name": "tech",
    "slug": "tech",
    "created_at": "2026-01-02T09:03:53.440Z"
  }
},
{
  "model": "blog.blogtag",
  "pk": 1,
  "fields": {
    "name": "newtag",
    "slug": "newtag",
    "created_at": "2026-01-02T09:04:00.967Z"
  }
},
{
  "model": "blog.blogpost",
  "pk": 1,
  "fields": {
    "title": "First blog",
    "slug": "first-blog",
    "author": [
      "nadardselva@gmail.com"
    ],
    "excerpt": "this is the first blog of the site",
    "content": "this is the first blog of the site",
    "featured_image": "blog/featured/2025-09-07_15-54.png",
    "category": 1,
    "status": "PUBLISHED",
    "published_at": "2026-01-02T09:18:59.075Z",
    "seo_title": "first post",
    "seo_description": "fist post",
    "view_count": 94,
    "created_at": "2026-01-02T09:04:14.342Z",
    "updated_at": "2026-01-02T12:23:27.986Z",
    "tags": [
      1
    ]
  }
},
{
  "model": "admin.logentry",
  "pk": 1,
  "fields": {
    "action_time": "2026-01-02T03:03:49.942Z",
    "user": [
      "dselvajagan@gmail.com"
    ],
    "content_type": [
      "company",
      "companyonboardingrequest"
    ],
    "object_id": "2",
    "object_repr": "dselva  NEW",
    "action_flag": 2,
    "change_message": "[{\"changed\": {\"fields\": [\"Status\"]}}]"
  }
},
{
  "model": "admin.logentry",
  "pk": 2,
  "fields": {
    "action_time": "2026-01-02T03:04:53.919Z",
    "user": [
      "dselvajagan@gmail.com"
    ],
    "content_type": [
      "company",
      "companyonboardingrequest"
    ],
    "object_id": "1",
    "object_repr": "dselva  NEW",
    "action_flag": 2,
    "change_message": "[{\"changed\": {\"fields\": [\"Status\"]}}]"
  }
},
{
  "model": "admin.logentry",
  "pk": 3,
  "fields": {
    "action_time": "2026-01-02T03:07:49.622Z",
    "user": [
      "dselvajagan@gmail.com"
    ],
    "content_type": [
      "company",
      "companyonboardingrequest"
    ],
    "object_id": "2",
    "object_repr": "dselva  NEW",
    "action_flag": 3,
    "change_message": ""
  }
},
{
  "model": "admin.logentry",
  "pk": 4,
  "fields": {
    "action_time": "2026-01-02T03:07:53.171Z",
    "user": [
      "dselvajagan@gmail.com"
    ],
    "content_type": [
      "company",
      "companyonboardingrequest"
    ],
    "object_id": "1",
    "object_repr": "dselva  NEW",
    "action_flag": 3,
    "change_message": ""
  }
},
{
  "model": "admin.logentry",
  "pk": 5,
  "fields": {
    "action_time": "2026-01-02T09:03:53.440Z",
    "user": [
      "dselvajagan@gmail.com"
    ],
    "content_type": [
      "blog",
      "blogcategory"
    ],
    "object_id": "1",
    "object_repr": "tech",
    "action_flag": 1,
    "change_message": "[{\"added\": {}}]"
  }
},
{
  "model": "admin.logentry",
  "pk": 6,
  "fields": {
    "action_time": "2026-01-02T09:04:00.967Z",
    "user": [
      "dselvajagan@gmail.com"
    ],
    "content_type": [
      "blog",
      "blogtag"
    ],
    "object_id": "1",
    "object_repr": "newtag",
    "action_flag": 1,
    "change_message": "[{\"added\": {}}]"
  }
},
{
  "model": "admin.logentry",
  "pk": 7,
  "fields": {
    "action_time": "2026-01-02T09:04:14.343Z",
    "user": [
      "dselvajagan@gmail.com"
    ],
    "content_type": [
      "blog",
      "blogpost"
    ],
    "object_id": "1",
    "object_repr": "First blog",
    "action_flag": 1,
    "change_message": "[{\"added\": {}}]"
  }
},
{
  "model": "admin.logentry",
  "pk": 8,
  "fields": {
    "action_time": "2026-01-02T09:07:29.376Z",
    "user": [
      "dselvajagan@gmail.com"
    ],
    "content_type": [
      "blog",
      "blogpost"
    ],
    "object_id": "1",
    "object_repr": "First blog",
    "action_flag": 2,
    "change_message": "[]"
  }
},
{
  "model": "admin.logentry",
  "pk": 9,
  "fields": {
    "action_time": "2026-01-02T09:16:10.682Z",
    "user": [
      "dselvajagan@gmail.com"
    ],
    "content_type": [
      "blog",
      "blogpost"
    ],
    "object_id": "1",
    "object_repr": "First blog",
    "action_flag": 2,
    "change_message": "[]"
  }
},
{
  "model": "admin.logentry",
  "pk": 10,
  "fields": {
    "action_time": "2026-01-02T09:18:59.075Z",
    "user": [
      "dselvajagan@gmail.com"
    ],
    "content_type": [
      "blog",
      "blogpost"
    ],
    "object_id": "1",
    "object_repr": "First blog",
    "action_flag": 2,
    "change_message": "[]"
  }
},
{
  "model": "admin.logentry",
  "pk": 11,
  "fields": {
    "action_time": "2026-01-02T09:49:53.678Z",
    "user": [
      "dselvajagan@gmail.com"
    ],
    "content_type": [
      "review",
      "review"
    ],
    "object_id": "33",
    "object_repr": "3 - dselva",
    "action_flag": 2,
    "change_message": "[{\"changed\": {\"fields\": [\"User\"]}}]"
  }
},
{
  "model": "admin.logentry",
  "pk": 12,
  "fields": {
    "action_time": "2026-01-02T12:23:27.987Z",
    "user": [
      "dselvajagan@gmail.com"
    ],
    "content_type": [
      "blog",
      "blogpost"
    ],
    "object_id": "1",
    "object_repr": "First blog",
    "action_flag": 2,
    "change_message": "[{\"changed\": {\"fields\": [\"Featured image\"]}}]"
  }
},
{
  "model": "admin.logentry",
  "pk": 13,
  "fields": {
    "action_time": "2026-01-02T12:52:40.594Z",
    "user": [
      "dselvajagan@gmail.com"
    ],
    "content_type": [
      "content",
      "content"
    ],
    "object_id": "24",
    "object_repr": "Content object (24)",
    "action_flag": 1,
    "change_message": "[{\"added\": {}}]"
  }
},
{
  "model": "admin.logentry",
  "pk": 14,
  "fields": {
    "action_time": "2026-01-03T06:06:25.659Z",
    "user": [
      "dselvajagan@gmail.com"
    ],
    "content_type": [
      "auth_app",
      "user"
    ],
    "object_id": "1",
    "object_repr": "dselva",
    "action_flag": 2,
    "change_message": "[{\"changed\": {\"fields\": [\"Username\"]}}]"
  }
},
{
  "model": "admin.logentry",
  "pk": 15,
  "fields": {
    "action_time": "2026-01-03T06:06:42.355Z",
    "user": [
      "dselvajagan@gmail.com"
    ],
    "content_type": [
      "review",
      "review"
    ],
    "object_id": "57",
    "object_repr": "5 - dselvanadar",
    "action_flag": 3,
    "change_message": ""
  }
},
{
  "model": "admin.logentry",
  "pk": 16,
  "fields": {
    "action_time": "2026-01-03T07:05:56.471Z",
    "user": [
      "dselvajagan@gmail.com"
    ],
    "content_type": [
      "company",
      "company"
    ],
    "object_id": "21",
    "object_repr": "Dselva pvt",
    "action_flag": 2,
    "change_message": "[{\"changed\": {\"fields\": [\"Category\"]}}]"
  }
},
{
  "model": "admin.logentry",
  "pk": 17,
  "fields": {
    "action_time": "2026-01-03T07:06:48.292Z",
    "user": [
      "dselvajagan@gmail.com"
    ],
    "content_type": [
      "company",
      "company"
    ],
    "object_id": "21",
    "object_repr": "Dselva pvt",
    "action_flag": 2,
    "change_message": "[{\"changed\": {\"fields\": [\"Logo\", \"Cover image\"]}}]"
  }
}
]
