[{"model": "company.companycategory", "pk": 1, "fields": {"name": "Technology", "slug": "technology"}}, {"model": "company.companycategory", "pk": 2, "fields": {"name": "Finance", "slug": "finance"}}, {"model": "company.companycategory", "pk": 3, "fields": {"name": "E-Commerce", "slug": "ecommerce"}}, {"model": "company.companycategory", "pk": 4, "fields": {"name": "Education", "slug": "education"}}, {"model": "company.company", "pk": 1, "fields": {"name": "Google", "slug": "google", "tagline": "Organizing the world's information", "description": "Global technology company specializing in internet services.", "logo": "", "cover_image": "", "website": "https://google.com", "category": 1, "rating_average": "3.24", "rating_count": 21, "is_verified": true, "is_active": true, "meta_title": "", "meta_description": "", "created_at": "2025-12-31T13:59:03.451Z", "updated_at": "2025-12-31T13:59:03.451Z"}}, {"model": "company.company", "pk": 2, "fields": {"name": "Amazon", "slug": "amazon", "tagline": "Everything you need, delivered", "description": "E-commerce and cloud computing giant.", "logo": "", "cover_image": "", "website": "https://amazon.com", "category": 3, "rating_average": "4.12", "rating_count": 25419, "is_verified": true, "is_active": true, "meta_title": "", "meta_description": "", "created_at": "2025-12-31T13:59:03.452Z", "updated_at": "2025-12-31T13:59:03.452Z"}}, {"model": "company.company", "pk": 3, "fields": {"name": "Microsoft", "slug": "microsoft", "tagline": "Empowering every person", "description": "Software, cloud, and enterprise services company.", "logo": "", "cover_image": "", "website": "https://microsoft.com", "category": 1, "rating_average": "4.48", "rating_count": 14302, "is_verified": true, "is_active": true, "meta_title": "", "meta_description": "", "created_at": "2025-12-31T13:59:03.452Z", "updated_at": "2025-12-31T13:59:03.452Z"}}, {"model": "company.company", "pk": 4, "fields": {"name": "PayPal", "slug": "paypal", "tagline": "The safer way to pay", "description": "Online payments and financial services platform.", "logo": "", "cover_image": "", "website": "https://paypal.com", "category": 2, "rating_average": "3.92", "rating_count": 8234, "is_verified": true, "is_active": true, "meta_title": "", "meta_description": "", "created_at": "2025-12-31T13:59:03.452Z", "updated_at": "2025-12-31T13:59:03.452Z"}}, {"model": "company.company", "pk": 5, "fields": {"name": "Stripe", "slug": "stripe", "tagline": "Payments infrastructure for the internet", "description": "Online payment processing platform.", "logo": "", "cover_image": "", "website": "https://stripe.com", "category": 2, "rating_average": "5.00", "rating_count": 1, "is_verified": true, "is_active": true, "meta_title": "", "meta_description": "", "created_at": "2025-12-31T13:59:03.453Z", "updated_at": "2025-12-31T13:59:03.453Z"}}, {"model": "company.company", "pk": 6, "fields": {"name": "Flipkart", "slug": "flipkart", "tagline": "India's leading e-commerce marketplace", "description": "Major Indian e-commerce platform.", "logo": "", "cover_image": "", "website": "https://flipkart.com", "category": 3, "rating_average": "3.88", "rating_count": 11932, "is_verified": true, "is_active": true, "meta_title": "", "meta_description": "", "created_at": "2025-12-31T13:59:03.453Z", "updated_at": "2025-12-31T13:59:03.453Z"}}, {"model": "company.company", "pk": 7, "fields": {"name": "Coursera", "slug": "coursera", "tagline": "Learn without limits", "description": "Online learning platform.", "logo": "", "cover_image": "", "website": "https://coursera.org", "category": 4, "rating_average": "4.56", "rating_count": 6721, "is_verified": true, "is_active": true, "meta_title": "", "meta_description": "", "created_at": "2025-12-31T13:59:03.453Z", "updated_at": "2025-12-31T13:59:03.453Z"}}, {"model": "company.company", "pk": 8, "fields": {"name": "Udemy", "slug": "udemy", "tagline": "Learn anything", "description": "Online course marketplace.", "logo": "", "cover_image": "", "website": "https://udemy.com", "category": 4, "rating_average": "4.21", "rating_count": 10134, "is_verified": true, "is_active": true, "meta_title": "", "meta_description": "", "created_at": "2025-12-31T13:59:03.454Z", "updated_at": "2025-12-31T13:59:03.454Z"}}, {"model": "company.company", "pk": 9, "fields": {"name": "Zoho", "slug": "zoho", "tagline": "Business software for everyone", "description": "SaaS company providing business tools.", "logo": "", "cover_image": "", "website": "https://zoho.com", "category": 1, "rating_average": "4.34", "rating_count": 4321, "is_verified": true, "is_active": true, "meta_title": "", "meta_description": "", "created_at": "2025-12-31T13:59:03.454Z", "updated_at": "2025-12-31T13:59:03.454Z"}}, {"model": "company.company", "pk": 10, "fields": {"name": "Infosys", "slug": "infosys", "tagline": "Navigate your next", "description": "Global IT consulting company.", "logo": "", "cover_image": "", "website": "https://infosys.com", "category": 1, "rating_average": "3.76", "rating_count": 9321, "is_verified": true, "is_active": true, "meta_title": "", "meta_description": "", "created_at": "2025-12-31T13:59:03.454Z", "updated_at": "2025-12-31T13:59:03.454Z"}}, {"model": "company.company", "pk": 11, "fields": {"name": "Swiggy", "slug": "swiggy", "tagline": "Food delivered fast", "description": "Food delivery platform.", "logo": "", "cover_image": "", "website": "https://swiggy.com", "category": 3, "rating_average": "3.94", "rating_count": 18231, "is_verified": true, "is_active": true, "meta_title": "", "meta_description": "", "created_at": "2025-12-31T13:59:03.454Z", "updated_at": "2025-12-31T13:59:03.454Z"}}, {"model": "company.company", "pk": 12, "fields": {"name": "Zomato", "slug": "zomato", "tagline": "Discover great food", "description": "Restaurant discovery and delivery.", "logo": "", "cover_image": "", "website": "https://zomato.com", "category": 3, "rating_average": "4.01", "rating_count": 16543, "is_verified": true, "is_active": true, "meta_title": "", "meta_description": "", "created_at": "2025-12-31T13:59:03.455Z", "updated_at": "2025-12-31T13:59:03.455Z"}}, {"model": "company.company", "pk": 13, "fields": {"name": "HDFC Bank", "slug": "hdfc-bank", "tagline": "India's leading private bank", "description": "Major Indian banking institution.", "logo": "", "cover_image": "", "website": "https://hdfcbank.com", "category": 2, "rating_average": "3.68", "rating_count": 7421, "is_verified": true, "is_active": true, "meta_title": "", "meta_description": "", "created_at": "2025-12-31T13:59:03.455Z", "updated_at": "2025-12-31T13:59:03.455Z"}}, {"model": "company.company", "pk": 14, "fields": {"name": "ICICI Bank", "slug": "icici-bank", "tagline": "Trusted banking partner", "description": "Private sector bank in India.", "logo": "", "cover_image": "", "website": "https://icicibank.com", "category": 2, "rating_average": "3.74", "rating_count": 6892, "is_verified": true, "is_active": true, "meta_title": "", "meta_description": "", "created_at": "2025-12-31T13:59:03.455Z", "updated_at": "2025-12-31T13:59:03.455Z"}}, {"model": "company.company", "pk": 15, "fields": {"name": "Byju's", "slug": "byjus", "tagline": "Learning made easy", "description": "Ed-tech learning platform.", "logo": "", "cover_image": "", "website": "https://byjus.com", "category": 4, "rating_average": "5.00", "rating_count": 1, "is_verified": false, "is_active": true, "meta_title": "", "meta_description": "", "created_at": "2025-12-31T13:59:03.456Z", "updated_at": "2025-12-31T13:59:03.456Z"}}, {"model": "company.company", "pk": 16, "fields": {"name": "Spotify", "slug": "spotify", "tagline": "Music for everyone", "description": "Music streaming service.", "logo": "", "cover_image": "", "website": "https://spotify.com", "category": 1, "rating_average": "3.00", "rating_count": 1, "is_verified": true, "is_active": true, "meta_title": "", "meta_description": "", "created_at": "2025-12-31T13:59:03.456Z", "updated_at": "2025-12-31T13:59:03.456Z"}}, {"model": "company.company", "pk": 17, "fields": {"name": "Netflix", "slug": "netflix", "tagline": "Watch anywhere", "description": "Streaming entertainment platform.", "logo": "", "cover_image": "", "website": "https://netflix.com", "category": 1, "rating_average": "4.44", "rating_count": 30123, "is_verified": true, "is_active": true, "meta_title": "", "meta_description": "", "created_at": "2025-12-31T13:59:03.456Z", "updated_at": "2025-12-31T13:59:03.456Z"}}, {"model": "company.company", "pk": 18, "fields": {"name": "Airbnb", "slug": "airbnb", "tagline": "Belong anywhere", "description": "Short-term rental platform.", "logo": "", "cover_image": "", "website": "https://airbnb.com", "category": 3, "rating_average": "4.28", "rating_count": 17432, "is_verified": true, "is_active": true, "meta_title": "", "meta_description": "", "created_at": "2025-12-31T13:59:03.456Z", "updated_at": "2025-12-31T13:59:03.456Z"}}, {"model": "company.company", "pk": 19, "fields": {"name": "Uber", "slug": "uber", "tagline": "Move the way you want", "description": "Ride-sharing and mobility platform.", "logo": "", "cover_image": "", "website": "https://uber.com", "category": 3, "rating_average": "3.59", "rating_count": 22314, "is_verified": true, "is_active": true, "meta_title": "", "meta_description": "", "created_at": "2025-12-31T13:59:03.457Z", "updated_at": "2025-12-31T13:59:03.457Z"}}, {"model": "company.company", "pk": 20, "fields": {"name": "Adobe", "slug": "adobe", "tagline": "Creativity for all", "description": "Creative software company.", "logo": "", "cover_image": "", "website": "https://adobe.com", "category": 1, "rating_average": "4.00", "rating_count": 1, "is_verified": true, "is_active": true, "meta_title": "", "meta_description": "", "created_at": "2025-12-31T13:59:03.457Z", "updated_at": "2025-12-31T13:59:03.457Z"}}, {"model": "review.review", "pk": 1, "fields": {"content_type": ["company", "company"], "object_id": 1, "rating": 3, "title": "", "body": "this is the first comment", "author_name": "Authenticated User", "author_email": "", "is_verified": false, "is_approved": true, "ip_address": "192.168.1.113", "user_agent": "Mozilla/5.0 (X11; Linux x86_64) AppleWebKit/537.36 (KHTML, like Gecko) Chrome/143.0.0.0 Safari/537.36", "created_at": "2025-12-31T15:35:28.966Z", "updated_at": "2025-12-31T15:35:28.966Z"}}, {"model": "review.review", "pk": 2, "fields": {"content_type": ["company", "company"], "object_id": 1, "rating": 2, "title": "Review title 1", "body": "This is a dummy review body for review 1.", "author_name": "User 1", "author_email": "user1@example.com", "is_verified": false, "is_approved": true, "ip_address": null, "user_agent": "", "created_at": "2025-12-31T16:01:21.726Z", "updated_at": "2025-12-31T16:01:21.726Z"}}, {"model": "review.review", "pk": 3, "fields": {"content_type": ["company", "company"], "object_id": 1, "rating": 3, "title": "Review title 2", "body": "This is a dummy review body for review 2.", "author_name": "User 2", "author_email": "user2@example.com", "is_verified": false, "is_approved": true, "ip_address": null, "user_agent": "", "created_at": "2025-12-31T16:01:21.732Z", "updated_at": "2025-12-31T16:01:21.732Z"}}, {"model": "review.review", "pk": 4, "fields": {"content_type": ["company", "company"], "object_id": 1, "rating": 2, "title": "Review title 3", "body": "This is a dummy review body for review 3.", "author_name": "User 3", "author_email": "user3@example.com", "is_verified": false, "is_approved": true, "ip_address": null, "user_agent": "", "created_at": "2025-12-31T16:01:21.737Z", "updated_at": "2025-12-31T16:01:21.737Z"}}, {"model": "review.review", "pk": 5, "fields": {"content_type": ["company", "company"], "object_id": 1, "rating": 5, "title": "Review title 4", "body": "This is a dummy review body for review 4.", "author_name": "User 4", "author_email": "user4@example.com", "is_verified": false, "is_approved": true, "ip_address": null, "user_agent": "", "created_at": "2025-12-31T16:01:21.742Z", "updated_at": "2025-12-31T16:01:21.742Z"}}, {"model": "review.review", "pk": 6, "fields": {"content_type": ["company", "company"], "object_id": 1, "rating": 3, "title": "Review title 5", "body": "This is a dummy review body for review 5.", "author_name": "User 5", "author_email": "user5@example.com", "is_verified": false, "is_approved": true, "ip_address": null, "user_agent": "", "created_at": "2025-12-31T16:01:21.747Z", "updated_at": "2025-12-31T16:01:21.747Z"}}, {"model": "review.review", "pk": 7, "fields": {"content_type": ["company", "company"], "object_id": 1, "rating": 5, "title": "Review title 6", "body": "This is a dummy review body for review 6.", "author_name": "User 6", "author_email": "user6@example.com", "is_verified": false, "is_approved": true, "ip_address": null, "user_agent": "", "created_at": "2025-12-31T16:01:21.752Z", "updated_at": "2025-12-31T16:01:21.752Z"}}, {"model": "review.review", "pk": 8, "fields": {"content_type": ["company", "company"], "object_id": 1, "rating": 2, "title": "Review title 7", "body": "This is a dummy review body for review 7.", "author_name": "User 7", "author_email": "user7@example.com", "is_verified": false, "is_approved": true, "ip_address": null, "user_agent": "", "created_at": "2025-12-31T16:01:21.756Z", "updated_at": "2025-12-31T16:01:21.756Z"}}, {"model": "review.review", "pk": 9, "fields": {"content_type": ["company", "company"], "object_id": 1, "rating": 5, "title": "Review title 8", "body": "This is a dummy review body for review 8.", "author_name": "User 8", "author_email": "user8@example.com", "is_verified": false, "is_approved": true, "ip_address": null, "user_agent": "", "created_at": "2025-12-31T16:01:21.762Z", "updated_at": "2025-12-31T16:01:21.762Z"}}, {"model": "review.review", "pk": 10, "fields": {"content_type": ["company", "company"], "object_id": 1, "rating": 2, "title": "Review title 9", "body": "This is a dummy review body for review 9.", "author_name": "User 9", "author_email": "user9@example.com", "is_verified": false, "is_approved": true, "ip_address": null, "user_agent": "", "created_at": "2025-12-31T16:01:21.766Z", "updated_at": "2025-12-31T16:01:21.766Z"}}, {"model": "review.review", "pk": 11, "fields": {"content_type": ["company", "company"], "object_id": 1, "rating": 2, "title": "Review title 10", "body": "This is a dummy review body for review 10.", "author_name": "User 10", "author_email": "user10@example.com", "is_verified": false, "is_approved": true, "ip_address": null, "user_agent": "", "created_at": "2025-12-31T16:01:21.771Z", "updated_at": "2025-12-31T16:01:21.771Z"}}, {"model": "review.review", "pk": 12, "fields": {"content_type": ["company", "company"], "object_id": 1, "rating": 2, "title": "Review title 11", "body": "This is a dummy review body for review 11.", "author_name": "User 11", "author_email": "user11@example.com", "is_verified": false, "is_approved": true, "ip_address": null, "user_agent": "", "created_at": "2025-12-31T16:01:21.776Z", "updated_at": "2025-12-31T16:01:21.776Z"}}, {"model": "review.review", "pk": 13, "fields": {"content_type": ["company", "company"], "object_id": 1, "rating": 5, "title": "Review title 12", "body": "This is a dummy review body for review 12.", "author_name": "User 12", "author_email": "user12@example.com", "is_verified": false, "is_approved": true, "ip_address": null, "user_agent": "", "created_at": "2025-12-31T16:01:21.781Z", "updated_at": "2025-12-31T16:01:21.781Z"}}, {"model": "review.review", "pk": 14, "fields": {"content_type": ["company", "company"], "object_id": 1, "rating": 5, "title": "Review title 13", "body": "This is a dummy review body for review 13.", "author_name": "User 13", "author_email": "user13@example.com", "is_verified": false, "is_approved": true, "ip_address": null, "user_agent": "", "created_at": "2025-12-31T16:01:21.786Z", "updated_at": "2025-12-31T16:01:21.786Z"}}, {"model": "review.review", "pk": 15, "fields": {"content_type": ["company", "company"], "object_id": 1, "rating": 3, "title": "Review title 14", "body": "This is a dummy review body for review 14.", "author_name": "User 14", "author_email": "user14@example.com", "is_verified": false, "is_approved": true, "ip_address": null, "user_agent": "", "created_at": "2025-12-31T16:01:21.791Z", "updated_at": "2025-12-31T16:01:21.791Z"}}, {"model": "review.review", "pk": 16, "fields": {"content_type": ["company", "company"], "object_id": 1, "rating": 4, "title": "Review title 15", "body": "This is a dummy review body for review 15.", "author_name": "User 15", "author_email": "user15@example.com", "is_verified": false, "is_approved": true, "ip_address": null, "user_agent": "", "created_at": "2025-12-31T16:01:21.795Z", "updated_at": "2025-12-31T16:01:21.795Z"}}, {"model": "review.review", "pk": 17, "fields": {"content_type": ["company", "company"], "object_id": 1, "rating": 5, "title": "Review title 16", "body": "This is a dummy review body for review 16.", "author_name": "User 16", "author_email": "user16@example.com", "is_verified": false, "is_approved": true, "ip_address": null, "user_agent": "", "created_at": "2025-12-31T16:01:21.800Z", "updated_at": "2025-12-31T16:01:21.800Z"}}, {"model": "review.review", "pk": 18, "fields": {"content_type": ["company", "company"], "object_id": 1, "rating": 2, "title": "Review title 17", "body": "This is a dummy review body for review 17.", "author_name": "User 17", "author_email": "user17@example.com", "is_verified": false, "is_approved": true, "ip_address": null, "user_agent": "", "created_at": "2025-12-31T16:01:21.805Z", "updated_at": "2025-12-31T16:01:21.805Z"}}, {"model": "review.review", "pk": 19, "fields": {"content_type": ["company", "company"], "object_id": 1, "rating": 2, "title": "Review title 18", "body": "This is a dummy review body for review 18.", "author_name": "User 18", "author_email": "user18@example.com", "is_verified": false, "is_approved": true, "ip_address": null, "user_agent": "", "created_at": "2025-12-31T16:01:21.810Z", "updated_at": "2025-12-31T16:01:21.810Z"}}, {"model": "review.review", "pk": 20, "fields": {"content_type": ["company", "company"], "object_id": 1, "rating": 5, "title": "Review title 19", "body": "This is a dummy review body for review 19.", "author_name": "User 19", "author_email": "user19@example.com", "is_verified": false, "is_approved": true, "ip_address": null, "user_agent": "", "created_at": "2025-12-31T16:01:21.815Z", "updated_at": "2025-12-31T16:01:21.815Z"}}, {"model": "review.review", "pk": 21, "fields": {"content_type": ["company", "company"], "object_id": 1, "rating": 1, "title": "Review title 20", "body": "This is a dummy review body for review 20.", "author_name": "User 20", "author_email": "user20@example.com", "is_verified": false, "is_approved": true, "ip_address": null, "user_agent": "", "created_at": "2025-12-31T16:01:21.820Z", "updated_at": "2025-12-31T16:01:21.820Z"}}, {"model": "review.review", "pk": 22, "fields": {"content_type": ["company", "company"], "object_id": 5, "rating": 5, "title": "", "body": "this is the first comment for stripe", "author_name": "Authenticated User", "author_email": "", "is_verified": false, "is_approved": true, "ip_address": "192.168.1.113", "user_agent": "Mozilla/5.0 (X11; Linux x86_64) AppleWebKit/537.36 (KHTML, like Gecko) Chrome/143.0.0.0 Safari/537.36", "created_at": "2025-12-31T16:03:45.607Z", "updated_at": "2025-12-31T16:03:45.607Z"}}, {"model": "review.review", "pk": 23, "fields": {"content_type": ["company", "company"], "object_id": 16, "rating": 3, "title": "", "body": "this is the first comment for spotify", "author_name": "Authenticated User", "author_email": "", "is_verified": false, "is_approved": true, "ip_address": "192.168.1.113", "user_agent": "Mozilla/5.0 (X11; Linux x86_64) AppleWebKit/537.36 (KHTML, like Gecko) Chrome/143.0.0.0 Safari/537.36", "created_at": "2025-12-31T16:04:04.919Z", "updated_at": "2025-12-31T16:04:04.919Z"}}, {"model": "review.review", "pk": 24, "fields": {"content_type": ["company", "company"], "object_id": 15, "rating": 5, "title": "", "body": "this is the first comment for byjus", "author_name": "Authenticated User", "author_email": "", "is_verified": false, "is_approved": true, "ip_address": "192.168.1.113", "user_agent": "Mozilla/5.0 (X11; Linux x86_64) AppleWebKit/537.36 (KHTML, like Gecko) Chrome/143.0.0.0 Safari/537.36", "created_at": "2025-12-31T16:04:44.747Z", "updated_at": "2025-12-31T16:04:44.747Z"}}, {"model": "review.review", "pk": 25, "fields": {"content_type": ["company", "company"], "object_id": 20, "rating": 4, "title": "", "body": "this is the first review for adobe", "author_name": "Authenticated User", "author_email": "", "is_verified": false, "is_approved": true, "ip_address": "192.168.1.113", "user_agent": "Mozilla/5.0 (X11; Linux x86_64) AppleWebKit/537.36 (KHTML, like Gecko) Chrome/143.0.0.0 Safari/537.36", "created_at": "2026-01-01T07:12:27.009Z", "updated_at": "2026-01-01T07:12:27.009Z"}}, {"model": "content.content", "pk": 1, "fields": {"key": "hero.slides", "value": [{"title": "Study In Recognized Universities!", "description": "We help students secure admissions in top global universities with end-to-end visa support."}, {"title": "Build Your Global Career", "description": "Expert immigration consultants guiding you through every step of your journey abroad."}, {"title": "Trusted Visa & Migration Experts", "description": "Professional assistance for student, work, and permanent residency visas."}], "content_type": "list", "page": "home", "locale": "en", "is_published": true, "order": 1, "updated_at": "2025-12-31T09:24:14.980Z"}}, {"model": "content.content", "pk": 4, "fields": {"key": "hero.images", "value": [{"url": "https://picsum.photos/id/1011/600/800", "alt": "Study abroad campus"}, {"url": "https://picsum.photos/id/1015/600/800", "alt": "International students"}, {"url": "https://picsum.photos/id/1024/600/800", "alt": "Global education"}], "content_type": "list", "page": "home", "locale": "en", "is_published": true, "order": 2, "updated_at": "2025-12-31T08:53:30.006Z"}}, {"model": "content.content", "pk": 5, "fields": {"key": "hero.cta", "value": {"label": "More Details", "href": "/contact"}, "content_type": "object", "page": "home", "locale": "en", "is_published": true, "order": 3, "updated_at": "2025-12-31T09:24:19.751Z"}}, {"model": "content.content", "pk": 6, "fields": {"key": "info.header", "value": {"eyebrow": "Welcome to Immigo", "title": "A One-Stop Solution For All", "highlight": "Your Visa Needs"}, "content_type": "object", "page": "home", "locale": "en", "is_published": true, "order": 10, "updated_at": "2025-12-31T09:24:05.593Z"}}, {"model": "content.content", "pk": 7, "fields": {"key": "info.cards", "value": [{"title": "Visa Expiring or Expired", "description": "Understand your options and next steps.", "buttonText": "Online Services", "buttonLink": "#"}, {"title": "Immigration Support", "description": "Guidance from registered professionals.", "buttonText": "Get Help", "buttonLink": "#"}, {"title": "Document Review", "description": "Ensure your paperwork is correct.", "buttonText": "Start Review", "buttonLink": "#"}, {"title": "Legal Compliance", "description": "Stay compliant with current laws.", "buttonText": "Learn More", "buttonLink": "#"}], "content_type": "list", "page": "home", "locale": "en", "is_published": true, "order": 11, "updated_at": "2025-12-31T09:05:49.777Z"}}, {"model": "content.content", "pk": 8, "fields": {"key": "visa.header", "value": {"eyebrow": "Our Services", "title": "Visa Solutions Built for You", "description": "Explore migration pathways tailored to your education, career, business, and travel goals."}, "content_type": "object", "page": "home", "locale": "en", "is_published": true, "order": 20, "updated_at": "2025-12-31T09:31:11.053Z"}}, {"model": "content.content", "pk": 9, "fields": {"key": "visa.services", "value": [{"index": "01", "title": "Student Visa", "description": "Foresee the pain and trouble that are bound to ensue when pursuing education abroad without proper guidance.", "image": "https://migrationreviews.com/1124/wp-content/uploads/2025/08/visa-1.jpg", "items": ["F1 Student Visa", "J1 Exchange Visitor Visa", "Non-Academic Student Visa"], "href": "/visas/student"}, {"index": "02", "title": "Residence Visa", "description": "Explore permanent and temporary residence pathways with expert support at every step.", "image": "https://migrationreviews.com/1124/wp-content/uploads/2025/08/visa-2.jpg", "items": ["Permanent Residence Visa", "Humanitarian Residence", "Temporary Residence Visa"], "href": "/visas/residence"}, {"index": "03", "title": "Business Visa", "description": "Professional assistance for entrepreneurs, investors, and skilled professionals expanding globally.", "image": "https://migrationreviews.com/1124/wp-content/uploads/2025/08/visa-3.jpg", "items": ["Business Visa", "Employment Visa", "Project Visa"], "href": "/visas/business"}, {"index": "04", "title": "Tourist Visa", "description": "Comprehensive tourist visa services for hassle-free international travel experiences.", "image": "https://migrationreviews.com/1124/wp-content/uploads/2025/08/visa-4.jpg", "items": ["Tourist Visa", "Short-Term Visit Visa", "Travel Documentation Support"], "href": "/visas/tourist"}], "content_type": "list", "page": "home", "locale": "en", "is_published": true, "order": 21, "updated_at": "2025-12-31T10:05:39.137Z"}}, {"model": "content.content", "pk": 10, "fields": {"key": "about.images", "value": [{"src": "https://migrationreviews.com/1123/wp-content/uploads/2022/02/about-1.jpg", "alt": "Immigration consultation"}, {"src": "https://migrationreviews.com/1123/wp-content/uploads/2022/02/about-2.jpg", "alt": "Client consultation"}, {"src": "https://migrationreviews.com/1123/wp-content/uploads/2022/02/about-3.jpg", "alt": "Immigration services"}], "content_type": "list", "page": "home", "locale": "en", "is_published": true, "order": 30, "updated_at": "2025-12-31T09:36:13.089Z"}}, {"model": "content.content", "pk": 11, "fields": {"key": "about.experience", "value": {"years": 14, "label": "Years of Experience"}, "content_type": "object", "page": "home", "locale": "en", "is_published": true, "order": 31, "updated_at": "2025-12-31T09:36:45.223Z"}}, {"model": "content.content", "pk": 12, "fields": {"key": "about.header", "value": {"eyebrow": "About Immigo", "title": "Trusted Immigration Consulting Experts"}, "content_type": "object", "page": "home", "locale": "en", "is_published": true, "order": 32, "updated_at": "2025-12-31T09:37:12.502Z"}}, {"model": "content.content", "pk": 13, "fields": {"key": "about.highlight", "value": {"eyebrow": "U.S. Based", "title": "Immigration Consultant Agency", "icon": "https://migrationreviews.com/1123/wp-content/themes/immigo/assets/images/icons/icon-4.png"}, "content_type": "object", "page": "home", "locale": "en", "is_published": true, "order": 33, "updated_at": "2025-12-31T09:37:36.115Z"}}, {"model": "content.content", "pk": 14, "fields": {"key": "about.description", "value": "All this mistaken idea of denouncing pleasure and praising pain was born and will give you a complete account of the system, expound the actual teachings of the great explorer of the truth, and the master-builder of human happiness.", "content_type": "text", "page": "home", "locale": "en", "is_published": true, "order": 34, "updated_at": "2025-12-31T09:38:32.486Z"}}, {"model": "content.content", "pk": 15, "fields": {"key": "about.cta", "value": {"label": "Learn More", "href": "/about"}, "content_type": "object", "page": "home", "locale": "en", "is_published": true, "order": 0, "updated_at": "2025-12-31T09:45:55.840Z"}}, {"model": "content.content", "pk": 16, "fields": {"key": "countries.header", "value": {"eyebrow": "Countries We Serve", "title": "Explore Popular Migration Destinations", "description": "Choose from top countries offering education, work, and permanent residency opportunities."}, "content_type": "object", "page": "home", "locale": "en", "is_published": true, "order": 40, "updated_at": "2025-12-31T10:33:06.285Z"}}, {"model": "content.content", "pk": 18, "fields": {"key": "countries.filters", "value": {"education": "Education", "immigration": "Immigration", "business": "Business"}, "content_type": "object", "page": "home", "locale": "en", "is_published": true, "order": 41, "updated_at": "2025-12-31T10:33:10.527Z"}}, {"model": "content.content", "pk": 19, "fields": {"key": "why_choose.header", "value": {"eyebrow": "Why Choose Us", "title": "Offer Tailor-Made Services That", "highlight": "Our Clients Require"}, "content_type": "object", "page": "home", "locale": "en", "is_published": true, "order": 50, "updated_at": "2025-12-31T10:45:52.201Z"}}, {"model": "content.content", "pk": 20, "fields": {"key": "why_choose.items", "value": [{"title": "Direct Interviews", "description": "Expound actual teachings to the great explorers of truth.", "icon": "https://migrationreviews.com/1123/wp-content/uploads/2022/03/job-interview-1.svg", "href": "/about"}, {"title": "Faster Processing", "description": "Give you a complete account of the system and procedures.", "icon": "https://migrationreviews.com/1123/wp-content/uploads/2022/03/worldwide-1.svg", "href": "/about"}, {"title": "Visa Assistance", "description": "Professional visa guidance for individuals and businesses.", "icon": "https://migrationreviews.com/1123/wp-content/uploads/2022/03/video-call-1.svg", "href": "/about"}, {"title": "Cost-Effective", "description": "Affordable solutions without compromising service quality.", "icon": "https://migrationreviews.com/1123/wp-content/uploads/2022/03/receipt-1.svg", "href": "/about"}], "content_type": "list", "page": "home", "locale": "en", "is_published": true, "order": 51, "updated_at": "2025-12-31T10:47:41.814Z"}}, {"model": "content.content", "pk": 21, "fields": {"key": "testimonials.header", "value": {"eyebrow": "Client Reviews", "title": "Feedback From Our Clients"}, "content_type": "object", "page": "home", "locale": "en", "is_published": true, "order": 60, "updated_at": "2025-12-31T11:07:56.368Z"}}, {"model": "content.content", "pk": 22, "fields": {"key": "news.header", "value": {"eyebrow": "News & Updates", "title": "Read Our Latest Insights"}, "content_type": "object", "page": "home", "locale": "en", "is_published": true, "order": 60, "updated_at": "2025-12-31T11:20:10.992Z"}}, {"model": "content.content", "pk": 23, "fields": {"key": "review.hero.messages", "value": [{"title": "Trusted company reviews", "subtitle": "Honest customer experiences..."}, {"title": "Make confident decisions", "subtitle": "Compare companies..."}, {"title": "Real voices, real impact", "subtitle": "Discover what customers actually think..."}], "content_type": "list", "page": "review", "locale": "en", "is_published": true, "order": 1, "updated_at": "2025-12-31T13:09:08.433Z"}}]
